[2026-09-14 01:20:11.065] [3843] [HailoRT] [info] [device.cpp:51] [Device] OS Version: Linux 6.18.39+rpt-rpi-2712 #1 SMP PREEMPT Debian 1:6.18.39-1+rpt1 (2026-07-29) aarch64
[2026-09-14 01:20:11.067] [3843] [HailoRT] [info] [control.cpp:113] [control__parse_identify_results] firmware_version is: 4.23.0
[2026-09-14 01:20:11.067] [3843] [HailoRT] [info] [control.cpp:113] [control__parse_identify_results] firmware_version is: 4.23.0
[2026-09-14 23:30:13.271] [4940] [HailoRT] [info] [vdevice.cpp:535] [create] Creating vdevice with params: device_count: 1, scheduling_algorithm: NONE, multi_process_service: false
[2026-09-14 23:30:13.284] [4940] [HailoRT] [info] [device.cpp:51] [Device] OS Version: Linux 6.18.39+rpt-rpi-2712 #1 SMP PREEMPT Debian 1:6.18.39-1+rpt1 (2026-07-29) aarch64
[2026-09-14 23:30:13.284] [4940] [HailoRT] [info] [control.cpp:113] [control__parse_identify_results] firmware_version is: 4.23.0
[2026-09-14 23:30:13.284] [4940] [HailoRT] [info] [vdevice.cpp:682] [create] VDevice Infos: 0001:01:00.0
[2026-09-14 23:30:13.294] [4940] [HailoRT] [info] [internal_buffer_manager.cpp:77] [print_execution_results] Planned internal buffer memory: CMA=0 CMA-Desc=1179648 Pinned=5276672. memory to edge layer usage factor is 0.67157567
[2026-09-14 23:30:13.294] [4940] [HailoRT] [info] [internal_buffer_manager.cpp:86] [print_execution_results] Default Internal buffer planner executed successfully
[2026-09-14 23:30:13.339] [4940] [HailoRT] [info] [device_internal.cpp:57] [configure] Configuring HEF took 54.050664 milliseconds
[2026-09-14 23:30:13.339] [4940] [HailoRT] [info] [vdevice.cpp:780] [configure] Configuring HEF on VDevice took 54.681609 milliseconds
[2026-09-14 23:30:13.339] [4940] [HailoRT] [info] [control.cpp:113] [control__parse_identify_results] firmware_version is: 4.23.0
[2026-09-14 23:30:13.339] [4940] [HailoRT] [info] [control.cpp:113] [control__parse_identify_results] firmware_version is: 4.23.0
[2026-09-14 23:30:13.340] [4940] [HailoRT] [info] [core_op.cpp:156] [activate] Activating yolo26s_cam123_best took 0.269481 milliseconds. Note that the function is asynchronous and thus the network is not fully activated yet.
[2026-09-14 23:30:13.340] [4940] [HailoRT] [info] [core_op.cpp:156] [activate] Activating yolo26s_cam123_best took 0.279944 milliseconds. Note that the function is asynchronous and thus the network is not fully activated yet.
[2026-09-14 23:30:13.356] [4940] [HailoRT] [info] [control.cpp:113] [control__parse_identify_results] firmware_version is: 4.23.0
[2026-09-14 23:30:13.356] [4940] [HailoRT] [info] [control.cpp:113] [control__parse_identify_results] firmware_version is: 4.23.0
[2026-09-14 23:30:13.359] [4940] [HailoRT] [info] [edge_elements.cpp:52] [create] Created (HwWriteEl4yolo26s_cam123_best/input_layer1 | hw_frame_size: 1228800)
[2026-09-14 23:30:13.359] [4940] [HailoRT] [info] [vstream.cpp:754] [InputVStreamImpl] Creating yolo26s_cam123_best/input_layer1...
[2026-09-14 23:30:13.359] [4940] [HailoRT] [info] [vstream_builder.cpp:102] [create_inputs] Input pipeline 'yolo26s_cam123_best/input_layer1': (HwWriteEl4yolo26s_cam123_best/input_layer1 | hw_frame_size: 1228800) >> HW
[2026-09-14 23:30:13.359] [4940] [HailoRT] [info] [edge_elements.cpp:287] [create] Created (HwReadEl0yolo26s_cam123_best/concat23 | hw_frame_size: 134400)
[2026-09-14 23:30:13.359] [4940] [HailoRT] [info] [queue_elements.cpp:657] [create] Created (PullQEl_hw_read0yolo26s_cam123_best/concat23)
[2026-09-14 23:30:13.359] [4940] [HailoRT] [info] [filter_elements.cpp:372] [create] Created (PostInferEl0yolo26s_cam123_best/concat23 | Reorder - src_order: FCR, src_shape: (1, 8400, 16), dst_order: FCR, dst_shape: (1, 8400, 10))
[2026-09-14 23:30:13.360] [4940] [HailoRT] [info] [queue_elements.cpp:800] [create] Created (UserBuffQEl0yolo26s_cam123_best/concat23 | timeout: 10s)
[2026-09-14 23:30:13.360] [4940] [HailoRT] [info] [vstream.cpp:1114] [OutputVStreamImpl] Creating yolo26s_cam123_best/concat23...
[2026-09-14 23:30:13.360] [4940] [HailoRT] [info] [vstream_builder.cpp:220] [create_outputs] Output pipeline 'yolo26s_cam123_best/concat23': HW >> (HwReadEl0yolo26s_cam123_best/concat23 | hw_frame_size: 134400) >> (PullQEl_hw_read0yolo26s_cam123_best/concat23) >> (PostInferEl0yolo26s_cam123_best/concat23 | Reorder - src_order: FCR, src_shape: (1, 8400, 16), dst_order: FCR, dst_shape: (1, 8400, 10)) >> (UserBuffQEl0yolo26s_cam123_best/concat23 | timeout: 10s)
[2026-09-14 23:30:18.361] [4946] [HailoRT] [info] [vdevice_native_stream.cpp:331] [read_impl] Failed read from stream HAILO_STREAM_ABORT(63) (device: 0001:01:00.0)
[2026-09-14 23:30:18.361] [4951] [HailoRT] [info] [vdevice_native_stream.cpp:142] [write_impl] Failed write to stream yolo26s_cam123_best/input_layer1 (device: 0001:01:00.0) with status=HAILO_STREAM_ABORT(63)
[2026-09-14 23:30:18.361] [4946] [HailoRT] [info] [edge_elements.cpp:396] [run_pull] Reading from stream was aborted!
[2026-09-14 23:30:18.361] [4951] [HailoRT] [info] [edge_elements.cpp:87] [run_push] Failed to send on input stream InputStream(index=4, name=yolo26s_cam123_best/input_layer1) because stream was aborted
[2026-09-14 23:30:18.361] [4951] [HailoRT] [info] [vstream.cpp:778] [write] Sending to VStream was aborted!
[2026-09-14 23:30:18.361] [4946] [HailoRT] [info] [queue_elements.cpp:738] [run_in_thread] run_pull of queue element PullQEl_hw_read0yolo26s_cam123_best/concat23 was aborted!
[2026-09-14 23:30:18.361] [4947] [HailoRT] [info] [queue_elements.cpp:706] [run_pull] Shutdown event was signaled in dequeue of queue element PullQEl_hw_read0yolo26s_cam123_best/concat23!
[2026-09-14 23:30:18.361] [4947] [HailoRT] [info] [queue_elements.cpp:862] [run_in_thread] Shutdown event was signaled in run_pull of UserBuffQEl0yolo26s_cam123_best/concat23!
[2026-09-14 23:30:18.361] [4950] [HailoRT] [info] [queue_elements.cpp:834] [run_pull] Shutdown event was signaled in dequeue of queue element UserBuffQEl0yolo26s_cam123_best/concat23!
[2026-09-14 23:30:18.361] [4950] [HailoRT] [info] [vstream.cpp:1138] [read] Receiving to VStream was shutdown!
[2026-09-14 23:30:18.393] [4946] [HailoRT] [info] [queue_elements.cpp:68] [operator()] Thread in element PullQEl_hw_read0yolo26s_cam123_best/concat23 is not running anymore, exiting..
[2026-09-14 23:30:18.393] [4940] [HailoRT] [info] [queue_elements.cpp:46] [~BaseQueueElement] Queue element PullQEl_hw_read0yolo26s_cam123_best/concat23 has 0 frames in his Queue on destruction
[2026-09-14 23:30:18.393] [4947] [HailoRT] [info] [queue_elements.cpp:68] [operator()] Thread in element UserBuffQEl0yolo26s_cam123_best/concat23 is not running anymore, exiting..
[2026-09-14 23:30:18.393] [4940] [HailoRT] [info] [queue_elements.cpp:46] [~BaseQueueElement] Queue element UserBuffQEl0yolo26s_cam123_best/concat23 has 0 frames in his Queue on destruction
[2026-09-14 23:30:18.393] [4940] [HailoRT] [info] [core_op.cpp:186] [deactivate] Deactivating took 0.005297 ms
[2026-09-14 23:30:18.393] [4940] [HailoRT] [info] [core_op.cpp:186] [deactivate] Deactivating took 0.016037 ms
[2026-09-15 19:00:54.887] [5092] [HailoRT] [info] [hef.cpp:1994] [get_network_group_and_network_name] No name was given. Addressing all networks of default network_group: yolo26s_cam123_best
[2026-09-15 19:00:54.888] [5092] [HailoRT] [info] [hef.cpp:1994] [get_network_group_and_network_name] No name was given. Addressing all networks of default network_group: yolo26s_cam123_best
[2026-09-15 19:00:59.770] [5092] [HailoRT] [info] [vdevice.cpp:535] [create] Creating vdevice with params: device_count: 1, scheduling_algorithm: NONE, multi_process_service: false
[2026-09-15 19:00:59.788] [5092] [HailoRT] [info] [device.cpp:51] [Device] OS Version: Linux 6.18.39+rpt-rpi-2712 #1 SMP PREEMPT Debian 1:6.18.39-1+rpt1 (2026-07-29) aarch64
[2026-09-15 19:00:59.790] [5092] [HailoRT] [info] [control.cpp:113] [control__parse_identify_results] firmware_version is: 4.23.0
[2026-09-15 19:00:59.790] [5092] [HailoRT] [info] [vdevice.cpp:682] [create] VDevice Infos: 0001:01:00.0
[2026-09-15 19:00:59.801] [5092] [HailoRT] [info] [internal_buffer_manager.cpp:77] [print_execution_results] Planned internal buffer memory: CMA=0 CMA-Desc=1179648 Pinned=5276672. memory to edge layer usage factor is 0.67157567
[2026-09-15 19:00:59.801] [5092] [HailoRT] [info] [internal_buffer_manager.cpp:86] [print_execution_results] Default Internal buffer planner executed successfully
[2026-09-15 19:00:59.844] [5092] [HailoRT] [info] [device_internal.cpp:57] [configure] Configuring HEF took 53.457586 milliseconds
[2026-09-15 19:00:59.844] [5092] [HailoRT] [info] [vdevice.cpp:780] [configure] Configuring HEF on VDevice took 54.084638 milliseconds
[2026-09-15 19:00:59.847] [5092] [HailoRT] [info] [edge_elements.cpp:52] [create] Created (HwWriteEl4yolo26s_cam123_best/input_layer1 | hw_frame_size: 1228800)
[2026-09-15 19:00:59.848] [5092] [HailoRT] [info] [vstream.cpp:754] [InputVStreamImpl] Creating yolo26s_cam123_best/input_layer1...
[2026-09-15 19:00:59.848] [5092] [HailoRT] [info] [vstream_builder.cpp:102] [create_inputs] Input pipeline 'yolo26s_cam123_best/input_layer1': (HwWriteEl4yolo26s_cam123_best/input_layer1 | hw_frame_size: 1228800) >> HW
[2026-09-15 19:00:59.848] [5092] [HailoRT] [info] [edge_elements.cpp:287] [create] Created (HwReadEl0yolo26s_cam123_best/concat23 | hw_frame_size: 134400)
[2026-09-15 19:00:59.848] [5092] [HailoRT] [info] [queue_elements.cpp:657] [create] Created (PullQEl_hw_read0yolo26s_cam123_best/concat23)
[2026-09-15 19:00:59.848] [5092] [HailoRT] [info] [filter_elements.cpp:372] [create] Created (PostInferEl0yolo26s_cam123_best/concat23 | Quantization - src_type: UINT8, dst_type FLOAT32, limvals_min: -57.1938, limvals_max: 672.027 | Reorder - src_order: FCR, src_shape: (1, 8400, 16), dst_order: FCR, dst_shape: (1, 8400, 10))
[2026-09-15 19:00:59.849] [5092] [HailoRT] [info] [queue_elements.cpp:800] [create] Created (UserBuffQEl0yolo26s_cam123_best/concat23 | timeout: 10s)
[2026-09-15 19:00:59.850] [5092] [HailoRT] [info] [vstream.cpp:1114] [OutputVStreamImpl] Creating yolo26s_cam123_best/concat23...
[2026-09-15 19:00:59.850] [5092] [HailoRT] [info] [vstream_builder.cpp:220] [create_outputs] Output pipeline 'yolo26s_cam123_best/concat23': HW >> (HwReadEl0yolo26s_cam123_best/concat23 | hw_frame_size: 134400) >> (PullQEl_hw_read0yolo26s_cam123_best/concat23) >> (PostInferEl0yolo26s_cam123_best/concat23 | Quantization - src_type: UINT8, dst_type FLOAT32, limvals_min: -57.1938, limvals_max: 672.027 | Reorder - src_order: FCR, src_shape: (1, 8400, 16), dst_order: FCR, dst_shape: (1, 8400, 10)) >> (UserBuffQEl0yolo26s_cam123_best/concat23 | timeout: 10s)
[2026-09-15 19:00:59.850] [5092] [HailoRT] [info] [core_op.cpp:156] [activate] Activating yolo26s_cam123_best took 0.279425 milliseconds. Note that the function is asynchronous and thus the network is not fully activated yet.
[2026-09-15 19:00:59.850] [5092] [HailoRT] [info] [core_op.cpp:156] [activate] Activating yolo26s_cam123_best took 0.289517 milliseconds. Note that the function is asynchronous and thus the network is not fully activated yet.
[2026-09-15 19:01:03.279] [5121] [HailoRT] [info] [vdevice_native_stream.cpp:331] [read_impl] Failed read from stream HAILO_STREAM_NOT_ACTIVATED(72) (device: 0001:01:00.0)
[2026-09-15 19:01:03.279] [5092] [HailoRT] [info] [core_op.cpp:186] [deactivate] Deactivating took 0.486572 ms
[2026-09-15 19:01:03.279] [5092] [HailoRT] [info] [core_op.cpp:186] [deactivate] Deactivating took 0.54935 ms
[2026-09-15 19:01:03.279] [5121] [HailoRT] [info] [queue_elements.cpp:734] [run_in_thread] Shutdown event was signaled in run_pull of queue element PullQEl_hw_read0yolo26s_cam123_best/concat23!
[2026-09-15 19:01:03.279] [5122] [HailoRT] [info] [queue_elements.cpp:855] [run_in_thread] Shutdown event was signaled in dequeue of UserBuffQEl0yolo26s_cam123_best/concat23!
[2026-09-15 19:01:03.279] [5121] [HailoRT] [info] [queue_elements.cpp:68] [operator()] Thread in element PullQEl_hw_read0yolo26s_cam123_best/concat23 is not running anymore, exiting..
[2026-09-15 19:01:03.279] [5092] [HailoRT] [info] [queue_elements.cpp:46] [~BaseQueueElement] Queue element PullQEl_hw_read0yolo26s_cam123_best/concat23 has 0 frames in his Queue on destruction
[2026-09-15 19:01:03.279] [5122] [HailoRT] [info] [queue_elements.cpp:68] [operator()] Thread in element UserBuffQEl0yolo26s_cam123_best/concat23 is not running anymore, exiting..
[2026-09-15 19:01:03.279] [5092] [HailoRT] [info] [queue_elements.cpp:46] [~BaseQueueElement] Queue element UserBuffQEl0yolo26s_cam123_best/concat23 has 0 frames in his Queue on destruction
[2026-09-15 19:01:46.499] [5287] [HailoRT] [info] [hef.cpp:1994] [get_network_group_and_network_name] No name was given. Addressing all networks of default network_group: yolo26s_cam123_best
[2026-09-15 19:01:46.499] [5287] [HailoRT] [info] [hef.cpp:1994] [get_network_group_and_network_name] No name was given. Addressing all networks of default network_group: yolo26s_cam123_best
[2026-09-15 19:01:51.799] [5287] [HailoRT] [info] [vdevice.cpp:535] [create] Creating vdevice with params: device_count: 1, scheduling_algorithm: NONE, multi_process_service: false
[2026-09-15 19:01:51.811] [5287] [HailoRT] [info] [device.cpp:51] [Device] OS Version: Linux 6.18.39+rpt-rpi-2712 #1 SMP PREEMPT Debian 1:6.18.39-1+rpt1 (2026-07-29) aarch64
[2026-09-15 19:01:51.811] [5287] [HailoRT] [info] [control.cpp:113] [control__parse_identify_results] firmware_version is: 4.23.0
[2026-09-15 19:01:51.811] [5287] [HailoRT] [info] [vdevice.cpp:682] [create] VDevice Infos: 0001:01:00.0
[2026-09-15 19:01:51.818] [5287] [HailoRT] [info] [internal_buffer_manager.cpp:77] [print_execution_results] Planned internal buffer memory: CMA=0 CMA-Desc=1179648 Pinned=5276672. memory to edge layer usage factor is 0.67157567
[2026-09-15 19:01:51.818] [5287] [HailoRT] [info] [internal_buffer_manager.cpp:86] [print_execution_results] Default Internal buffer planner executed successfully
[2026-09-15 19:01:51.864] [5287] [HailoRT] [info] [device_internal.cpp:57] [configure] Configuring HEF took 53.070695 milliseconds
[2026-09-15 19:01:51.864] [5287] [HailoRT] [info] [vdevice.cpp:780] [configure] Configuring HEF on VDevice took 53.351176 milliseconds
[2026-09-15 19:01:51.865] [5287] [HailoRT] [info] [edge_elements.cpp:52] [create] Created (HwWriteEl4yolo26s_cam123_best/input_layer1 | hw_frame_size: 1228800)
[2026-09-15 19:01:51.865] [5287] [HailoRT] [info] [vstream.cpp:754] [InputVStreamImpl] Creating yolo26s_cam123_best/input_layer1...
[2026-09-15 19:01:51.865] [5287] [HailoRT] [info] [vstream_builder.cpp:102] [create_inputs] Input pipeline 'yolo26s_cam123_best/input_layer1': (HwWriteEl4yolo26s_cam123_best/input_layer1 | hw_frame_size: 1228800) >> HW
[2026-09-15 19:01:51.865] [5287] [HailoRT] [info] [edge_elements.cpp:287] [create] Created (HwReadEl0yolo26s_cam123_best/concat23 | hw_frame_size: 134400)
[2026-09-15 19:01:51.865] [5287] [HailoRT] [info] [queue_elements.cpp:657] [create] Created (PullQEl_hw_read0yolo26s_cam123_best/concat23)
[2026-09-15 19:01:51.865] [5287] [HailoRT] [info] [filter_elements.cpp:372] [create] Created (PostInferEl0yolo26s_cam123_best/concat23 | Quantization - src_type: UINT8, dst_type FLOAT32, limvals_min: -57.1938, limvals_max: 672.027 | Reorder - src_order: FCR, src_shape: (1, 8400, 16), dst_order: FCR, dst_shape: (1, 8400, 10))
[2026-09-15 19:01:51.865] [5287] [HailoRT] [info] [queue_elements.cpp:800] [create] Created (UserBuffQEl0yolo26s_cam123_best/concat23 | timeout: 10s)
[2026-09-15 19:01:51.865] [5287] [HailoRT] [info] [vstream.cpp:1114] [OutputVStreamImpl] Creating yolo26s_cam123_best/concat23...
[2026-09-15 19:01:51.865] [5287] [HailoRT] [info] [vstream_builder.cpp:220] [create_outputs] Output pipeline 'yolo26s_cam123_best/concat23': HW >> (HwReadEl0yolo26s_cam123_best/concat23 | hw_frame_size: 134400) >> (PullQEl_hw_read0yolo26s_cam123_best/concat23) >> (PostInferEl0yolo26s_cam123_best/concat23 | Quantization - src_type: UINT8, dst_type FLOAT32, limvals_min: -57.1938, limvals_max: 672.027 | Reorder - src_order: FCR, src_shape: (1, 8400, 16), dst_order: FCR, dst_shape: (1, 8400, 10)) >> (UserBuffQEl0yolo26s_cam123_best/concat23 | timeout: 10s)
[2026-09-15 19:01:51.865] [5287] [HailoRT] [info] [core_op.cpp:156] [activate] Activating yolo26s_cam123_best took 0.285424 milliseconds. Note that the function is asynchronous and thus the network is not fully activated yet.
[2026-09-15 19:01:51.865] [5287] [HailoRT] [info] [core_op.cpp:156] [activate] Activating yolo26s_cam123_best took 0.295776 milliseconds. Note that the function is asynchronous and thus the network is not fully activated yet.
[2026-09-15 19:01:55.316] [5325] [HailoRT] [info] [vdevice_native_stream.cpp:331] [read_impl] Failed read from stream HAILO_STREAM_NOT_ACTIVATED(72) (device: 0001:01:00.0)
[2026-09-15 19:01:55.316] [5287] [HailoRT] [info] [core_op.cpp:186] [deactivate] Deactivating took 0.473424 ms
[2026-09-15 19:01:55.316] [5287] [HailoRT] [info] [core_op.cpp:186] [deactivate] Deactivating took 0.526647 ms
[2026-09-15 19:01:55.316] [5325] [HailoRT] [info] [queue_elements.cpp:734] [run_in_thread] Shutdown event was signaled in run_pull of queue element PullQEl_hw_read0yolo26s_cam123_best/concat23!
[2026-09-15 19:01:55.316] [5326] [HailoRT] [info] [queue_elements.cpp:855] [run_in_thread] Shutdown event was signaled in dequeue of UserBuffQEl0yolo26s_cam123_best/concat23!
[2026-09-15 19:01:55.316] [5325] [HailoRT] [info] [queue_elements.cpp:68] [operator()] Thread in element PullQEl_hw_read0yolo26s_cam123_best/concat23 is not running anymore, exiting..
[2026-09-15 19:01:55.316] [5287] [HailoRT] [info] [queue_elements.cpp:46] [~BaseQueueElement] Queue element PullQEl_hw_read0yolo26s_cam123_best/concat23 has 0 frames in his Queue on destruction
[2026-09-15 19:01:55.317] [5326] [HailoRT] [info] [queue_elements.cpp:68] [operator()] Thread in element UserBuffQEl0yolo26s_cam123_best/concat23 is not running anymore, exiting..
[2026-09-15 19:01:55.317] [5287] [HailoRT] [info] [queue_elements.cpp:46] [~BaseQueueElement] Queue element UserBuffQEl0yolo26s_cam123_best/concat23 has 0 frames in his Queue on destruction
[2026-09-15 19:05:03.005] [5506] [HailoRT] [info] [hef.cpp:1994] [get_network_group_and_network_name] No name was given. Addressing all networks of default network_group: yolo26s_cam123_best
[2026-09-15 19:05:03.005] [5506] [HailoRT] [info] [hef.cpp:1994] [get_network_group_and_network_name] No name was given. Addressing all networks of default network_group: yolo26s_cam123_best
[2026-09-15 19:05:07.789] [5506] [HailoRT] [info] [vdevice.cpp:535] [create] Creating vdevice with params: device_count: 1, scheduling_algorithm: NONE, multi_process_service: false
[2026-09-15 19:05:07.802] [5506] [HailoRT] [info] [device.cpp:51] [Device] OS Version: Linux 6.18.39+rpt-rpi-2712 #1 SMP PREEMPT Debian 1:6.18.39-1+rpt1 (2026-07-29) aarch64
[2026-09-15 19:05:07.802] [5506] [HailoRT] [info] [control.cpp:113] [control__parse_identify_results] firmware_version is: 4.23.0
[2026-09-15 19:05:07.802] [5506] [HailoRT] [info] [vdevice.cpp:682] [create] VDevice Infos: 0001:01:00.0
[2026-09-15 19:05:07.809] [5506] [HailoRT] [info] [internal_buffer_manager.cpp:77] [print_execution_results] Planned internal buffer memory: CMA=0 CMA-Desc=1179648 Pinned=5276672. memory to edge layer usage factor is 0.67157567
[2026-09-15 19:05:07.809] [5506] [HailoRT] [info] [internal_buffer_manager.cpp:86] [print_execution_results] Default Internal buffer planner executed successfully
[2026-09-15 19:05:07.853] [5506] [HailoRT] [info] [device_internal.cpp:57] [configure] Configuring HEF took 50.176639 milliseconds
[2026-09-15 19:05:07.853] [5506] [HailoRT] [info] [vdevice.cpp:780] [configure] Configuring HEF on VDevice took 50.451509 milliseconds
[2026-09-15 19:05:07.853] [5506] [HailoRT] [info] [edge_elements.cpp:52] [create] Created (HwWriteEl4yolo26s_cam123_best/input_layer1 | hw_frame_size: 1228800)
[2026-09-15 19:05:07.853] [5506] [HailoRT] [info] [vstream.cpp:754] [InputVStreamImpl] Creating yolo26s_cam123_best/input_layer1...
[2026-09-15 19:05:07.853] [5506] [HailoRT] [info] [vstream_builder.cpp:102] [create_inputs] Input pipeline 'yolo26s_cam123_best/input_layer1': (HwWriteEl4yolo26s_cam123_best/input_layer1 | hw_frame_size: 1228800) >> HW
[2026-09-15 19:05:07.853] [5506] [HailoRT] [info] [edge_elements.cpp:287] [create] Created (HwReadEl0yolo26s_cam123_best/concat23 | hw_frame_size: 134400)
[2026-09-15 19:05:07.853] [5506] [HailoRT] [info] [queue_elements.cpp:657] [create] Created (PullQEl_hw_read0yolo26s_cam123_best/concat23)
[2026-09-15 19:05:07.853] [5506] [HailoRT] [info] [filter_elements.cpp:372] [create] Created (PostInferEl0yolo26s_cam123_best/concat23 | Quantization - src_type: UINT8, dst_type FLOAT32, limvals_min: -57.1938, limvals_max: 672.027 | Reorder - src_order: FCR, src_shape: (1, 8400, 16), dst_order: FCR, dst_shape: (1, 8400, 10))
[2026-09-15 19:05:07.853] [5506] [HailoRT] [info] [queue_elements.cpp:800] [create] Created (UserBuffQEl0yolo26s_cam123_best/concat23 | timeout: 10s)
[2026-09-15 19:05:07.853] [5506] [HailoRT] [info] [vstream.cpp:1114] [OutputVStreamImpl] Creating yolo26s_cam123_best/concat23...
[2026-09-15 19:05:07.853] [5506] [HailoRT] [info] [vstream_builder.cpp:220] [create_outputs] Output pipeline 'yolo26s_cam123_best/concat23': HW >> (HwReadEl0yolo26s_cam123_best/concat23 | hw_frame_size: 134400) >> (PullQEl_hw_read0yolo26s_cam123_best/concat23) >> (PostInferEl0yolo26s_cam123_best/concat23 | Quantization - src_type: UINT8, dst_type FLOAT32, limvals_min: -57.1938, limvals_max: 672.027 | Reorder - src_order: FCR, src_shape: (1, 8400, 16), dst_order: FCR, dst_shape: (1, 8400, 10)) >> (UserBuffQEl0yolo26s_cam123_best/concat23 | timeout: 10s)
[2026-09-15 19:05:07.854] [5506] [HailoRT] [info] [core_op.cpp:156] [activate] Activating yolo26s_cam123_best took 0.279777 milliseconds. Note that the function is asynchronous and thus the network is not fully activated yet.
[2026-09-15 19:05:07.854] [5506] [HailoRT] [info] [core_op.cpp:156] [activate] Activating yolo26s_cam123_best took 0.28937 milliseconds. Note that the function is asynchronous and thus the network is not fully activated yet.
[2026-09-15 19:05:08.163] [5549] [HailoRT] [info] [vdevice_native_stream.cpp:331] [read_impl] Failed read from stream HAILO_STREAM_NOT_ACTIVATED(72) (device: 0001:01:00.0)
[2026-09-15 19:05:08.163] [5506] [HailoRT] [info] [core_op.cpp:186] [deactivate] Deactivating took 0.405332 ms
[2026-09-15 19:05:08.163] [5506] [HailoRT] [info] [core_op.cpp:186] [deactivate] Deactivating took 0.42237 ms
[2026-09-15 19:05:08.163] [5549] [HailoRT] [info] [queue_elements.cpp:734] [run_in_thread] Shutdown event was signaled in run_pull of queue element PullQEl_hw_read0yolo26s_cam123_best/concat23!
[2026-09-15 19:05:08.163] [5550] [HailoRT] [info] [queue_elements.cpp:855] [run_in_thread] Shutdown event was signaled in dequeue of UserBuffQEl0yolo26s_cam123_best/concat23!
[2026-09-15 19:05:08.163] [5549] [HailoRT] [info] [queue_elements.cpp:68] [operator()] Thread in element PullQEl_hw_read0yolo26s_cam123_best/concat23 is not running anymore, exiting..
[2026-09-15 19:05:08.163] [5506] [HailoRT] [info] [queue_elements.cpp:46] [~BaseQueueElement] Queue element PullQEl_hw_read0yolo26s_cam123_best/concat23 has 0 frames in his Queue on destruction
[2026-09-15 19:05:08.163] [5550] [HailoRT] [info] [queue_elements.cpp:68] [operator()] Thread in element UserBuffQEl0yolo26s_cam123_best/concat23 is not running anymore, exiting..
[2026-09-15 19:05:08.163] [5506] [HailoRT] [info] [queue_elements.cpp:46] [~BaseQueueElement] Queue element UserBuffQEl0yolo26s_cam123_best/concat23 has 0 frames in his Queue on destruction
[2026-09-15 19:07:33.186] [5639] [HailoRT] [info] [hef.cpp:1994] [get_network_group_and_network_name] No name was given. Addressing all networks of default network_group: yolo26s_cam123_best
[2026-09-15 19:07:33.199] [5639] [HailoRT] [info] [vdevice.cpp:535] [create] Creating vdevice with params: device_count: 1, scheduling_algorithm: NONE, multi_process_service: false
[2026-09-15 19:07:33.210] [5639] [HailoRT] [info] [device.cpp:51] [Device] OS Version: Linux 6.18.39+rpt-rpi-2712 #1 SMP PREEMPT Debian 1:6.18.39-1+rpt1 (2026-07-29) aarch64
[2026-09-15 19:07:33.211] [5639] [HailoRT] [info] [control.cpp:113] [control__parse_identify_results] firmware_version is: 4.23.0
[2026-09-15 19:07:33.211] [5639] [HailoRT] [info] [vdevice.cpp:682] [create] VDevice Infos: 0001:01:00.0
[2026-09-15 19:07:33.217] [5639] [HailoRT] [info] [internal_buffer_manager.cpp:77] [print_execution_results] Planned internal buffer memory: CMA=0 CMA-Desc=1179648 Pinned=5276672. memory to edge layer usage factor is 0.67157567
[2026-09-15 19:07:33.217] [5639] [HailoRT] [info] [internal_buffer_manager.cpp:86] [print_execution_results] Default Internal buffer planner executed successfully
[2026-09-15 19:07:33.253] [5639] [HailoRT] [info] [device_internal.cpp:57] [configure] Configuring HEF took 41.806219 milliseconds
[2026-09-15 19:07:33.253] [5639] [HailoRT] [info] [vdevice.cpp:780] [configure] Configuring HEF on VDevice took 42.070478 milliseconds
[2026-09-15 19:07:33.253] [5639] [HailoRT] [info] [edge_elements.cpp:52] [create] Created (HwWriteEl4yolo26s_cam123_best/input_layer1 | hw_frame_size: 1228800)
[2026-09-15 19:07:33.253] [5639] [HailoRT] [info] [vstream.cpp:754] [InputVStreamImpl] Creating yolo26s_cam123_best/input_layer1...
[2026-09-15 19:07:33.253] [5639] [HailoRT] [info] [vstream_builder.cpp:102] [create_inputs] Input pipeline 'yolo26s_cam123_best/input_layer1': (HwWriteEl4yolo26s_cam123_best/input_layer1 | hw_frame_size: 1228800) >> HW
[2026-09-15 19:07:33.253] [5639] [HailoRT] [info] [edge_elements.cpp:287] [create] Created (HwReadEl0yolo26s_cam123_best/concat23 | hw_frame_size: 134400)
[2026-09-15 19:07:33.253] [5639] [HailoRT] [info] [queue_elements.cpp:657] [create] Created (PullQEl_hw_read0yolo26s_cam123_best/concat23)
[2026-09-15 19:07:33.253] [5639] [HailoRT] [info] [filter_elements.cpp:372] [create] Created (PostInferEl0yolo26s_cam123_best/concat23 | Reorder - src_order: FCR, src_shape: (1, 8400, 16), dst_order: FCR, dst_shape: (1, 8400, 10))
[2026-09-15 19:07:33.253] [5639] [HailoRT] [info] [queue_elements.cpp:800] [create] Created (UserBuffQEl0yolo26s_cam123_best/concat23 | timeout: 10s)
[2026-09-15 19:07:33.253] [5639] [HailoRT] [info] [vstream.cpp:1114] [OutputVStreamImpl] Creating yolo26s_cam123_best/concat23...
[2026-09-15 19:07:33.253] [5639] [HailoRT] [info] [vstream_builder.cpp:220] [create_outputs] Output pipeline 'yolo26s_cam123_best/concat23': HW >> (HwReadEl0yolo26s_cam123_best/concat23 | hw_frame_size: 134400) >> (PullQEl_hw_read0yolo26s_cam123_best/concat23) >> (PostInferEl0yolo26s_cam123_best/concat23 | Reorder - src_order: FCR, src_shape: (1, 8400, 16), dst_order: FCR, dst_shape: (1, 8400, 10)) >> (UserBuffQEl0yolo26s_cam123_best/concat23 | timeout: 10s)
[2026-09-15 19:07:33.254] [5639] [HailoRT] [info] [core_op.cpp:156] [activate] Activating yolo26s_cam123_best took 0.270296 milliseconds. Note that the function is asynchronous and thus the network is not fully activated yet.
[2026-09-15 19:07:33.254] [5639] [HailoRT] [info] [core_op.cpp:156] [activate] Activating yolo26s_cam123_best took 0.280907 milliseconds. Note that the function is asynchronous and thus the network is not fully activated yet.
[2026-09-15 19:07:33.254] [5639] [HailoRT] [info] [hef.cpp:1994] [get_network_group_and_network_name] No name was given. Addressing all networks of default network_group: yolo26s_cam123_best
[2026-09-15 19:07:33.283] [5639] [HailoRT] [info] [hef.cpp:1994] [get_network_group_and_network_name] No name was given. Addressing all networks of default network_group: yolo26s_cam123_best
[2026-09-15 19:07:33.284] [5653] [HailoRT] [info] [vdevice_native_stream.cpp:331] [read_impl] Failed read from stream HAILO_STREAM_NOT_ACTIVATED(72) (device: 0001:01:00.0)
[2026-09-15 19:07:33.285] [5639] [HailoRT] [info] [core_op.cpp:186] [deactivate] Deactivating took 0.463351 ms
[2026-09-15 19:07:33.285] [5639] [HailoRT] [info] [core_op.cpp:186] [deactivate] Deactivating took 0.477129 ms
[2026-09-15 19:07:33.285] [5653] [HailoRT] [info] [queue_elements.cpp:734] [run_in_thread] Shutdown event was signaled in run_pull of queue element PullQEl_hw_read0yolo26s_cam123_best/concat23!
[2026-09-15 19:07:33.285] [5654] [HailoRT] [info] [queue_elements.cpp:855] [run_in_thread] Shutdown event was signaled in dequeue of UserBuffQEl0yolo26s_cam123_best/concat23!
[2026-09-15 19:07:33.285] [5653] [HailoRT] [info] [queue_elements.cpp:68] [operator()] Thread in element PullQEl_hw_read0yolo26s_cam123_best/concat23 is not running anymore, exiting..
[2026-09-15 19:07:33.285] [5639] [HailoRT] [info] [queue_elements.cpp:46] [~BaseQueueElement] Queue element PullQEl_hw_read0yolo26s_cam123_best/concat23 has 0 frames in his Queue on destruction
[2026-09-15 19:07:33.285] [5654] [HailoRT] [info] [queue_elements.cpp:68] [operator()] Thread in element UserBuffQEl0yolo26s_cam123_best/concat23 is not running anymore, exiting..
[2026-09-15 19:07:33.285] [5639] [HailoRT] [info] [queue_elements.cpp:46] [~BaseQueueElement] Queue element UserBuffQEl0yolo26s_cam123_best/concat23 has 0 frames in his Queue on destruction
[2026-09-15 21:01:43.114] [6192] [HailoRT] [info] [vdevice.cpp:535] [create] Creating vdevice with params: device_count: 1, scheduling_algorithm: NONE, multi_process_service: false
[2026-09-15 21:01:43.126] [6192] [HailoRT] [info] [device.cpp:51] [Device] OS Version: Linux 6.18.39+rpt-rpi-2712 #1 SMP PREEMPT Debian 1:6.18.39-1+rpt1 (2026-07-29) aarch64
[2026-09-15 21:01:43.127] [6192] [HailoRT] [info] [control.cpp:113] [control__parse_identify_results] firmware_version is: 4.23.0
[2026-09-15 21:01:43.127] [6192] [HailoRT] [info] [vdevice.cpp:682] [create] VDevice Infos: 0001:01:00.0
[2026-09-15 21:01:43.133] [6192] [HailoRT] [info] [internal_buffer_manager.cpp:77] [print_execution_results] Planned internal buffer memory: CMA=0 CMA-Desc=1114112 Pinned=5463040. memory to edge layer usage factor is 0.6681277
[2026-09-15 21:01:43.133] [6192] [HailoRT] [info] [internal_buffer_manager.cpp:86] [print_execution_results] Default Internal buffer planner executed successfully
[2026-09-15 21:01:43.167] [6192] [HailoRT] [info] [device_internal.cpp:57] [configure] Configuring HEF took 39.659757 milliseconds
[2026-09-15 21:01:43.167] [6192] [HailoRT] [info] [vdevice.cpp:780] [configure] Configuring HEF on VDevice took 39.898757 milliseconds
[2026-09-15 21:01:43.167] [6192] [HailoRT] [info] [hef.cpp:1994] [get_network_group_and_network_name] No name was given. Addressing all networks of default network_group: yolo26s_cam123_best
[2026-09-15 21:01:43.167] [6192] [HailoRT] [info] [hef.cpp:1994] [get_network_group_and_network_name] No name was given. Addressing all networks of default network_group: yolo26s_cam123_best
[2026-09-15 21:01:43.167] [6192] [HailoRT] [info] [edge_elements.cpp:52] [create] Created (HwWriteEl5yolo26s_cam123_best/input_layer1 | hw_frame_size: 1228800)
[2026-09-15 21:01:43.167] [6192] [HailoRT] [info] [vstream.cpp:754] [InputVStreamImpl] Creating yolo26s_cam123_best/input_layer1...
[2026-09-15 21:01:43.167] [6192] [HailoRT] [info] [vstream_builder.cpp:102] [create_inputs] Input pipeline 'yolo26s_cam123_best/input_layer1': (HwWriteEl5yolo26s_cam123_best/input_layer1 | hw_frame_size: 1228800) >> HW
[2026-09-15 21:01:43.167] [6192] [HailoRT] [info] [edge_elements.cpp:287] [create] Created (HwReadEl4yolo26s_cam123_best/nms1 | hw_frame_size: 5668)
[2026-09-15 21:01:43.167] [6192] [HailoRT] [info] [queue_elements.cpp:657] [create] Created (PullQEl_hw_read4yolo26s_cam123_best/nms1)
[2026-09-15 21:01:43.167] [6192] [HailoRT] [info] [filter_elements.cpp:372] [create] Created (PostInferEl4yolo26s_cam123_best/nms1 | number_of_classes: 6, max_bboxes_per_class: 100 | Quantization - src_type: UINT16, dst_type FLOAT32, limvals_min: 0, limvals_max: 9.24)
[2026-09-15 21:01:43.167] [6192] [HailoRT] [info] [queue_elements.cpp:800] [create] Created (UserBuffQEl4yolo26s_cam123_best/nms1 | timeout: 10s)
[2026-09-15 21:01:43.167] [6192] [HailoRT] [info] [vstream.cpp:1114] [OutputVStreamImpl] Creating yolo26s_cam123_best/nms1...
[2026-09-15 21:01:43.167] [6192] [HailoRT] [info] [vstream_builder.cpp:220] [create_outputs] Output pipeline 'yolo26s_cam123_best/nms1': HW >> (HwReadEl4yolo26s_cam123_best/nms1 | hw_frame_size: 5668) >> (PullQEl_hw_read4yolo26s_cam123_best/nms1) >> (PostInferEl4yolo26s_cam123_best/nms1 | number_of_classes: 6, max_bboxes_per_class: 100 | Quantization - src_type: UINT16, dst_type FLOAT32, limvals_min: 0, limvals_max: 9.24) >> (UserBuffQEl4yolo26s_cam123_best/nms1 | timeout: 10s)
[2026-09-15 21:01:43.168] [6192] [HailoRT] [info] [core_op.cpp:156] [activate] Activating yolo26s_cam123_best took 0.386777 milliseconds. Note that the function is asynchronous and thus the network is not fully activated yet.
[2026-09-15 21:01:43.168] [6192] [HailoRT] [info] [core_op.cpp:156] [activate] Activating yolo26s_cam123_best took 0.395073 milliseconds. Note that the function is asynchronous and thus the network is not fully activated yet.
[2026-09-15 21:01:43.202] [6232] [HailoRT] [info] [vdevice_native_stream.cpp:331] [read_impl] Failed read from stream HAILO_STREAM_NOT_ACTIVATED(72) (device: 0001:01:00.0)
[2026-09-15 21:01:43.202] [6192] [HailoRT] [info] [core_op.cpp:186] [deactivate] Deactivating took 0.44911 ms
[2026-09-15 21:01:43.202] [6192] [HailoRT] [info] [core_op.cpp:186] [deactivate] Deactivating took 0.488814 ms
[2026-09-15 21:01:43.202] [6232] [HailoRT] [info] [queue_elements.cpp:734] [run_in_thread] Shutdown event was signaled in run_pull of queue element PullQEl_hw_read4yolo26s_cam123_best/nms1!
[2026-09-15 21:01:43.202] [6233] [HailoRT] [info] [queue_elements.cpp:855] [run_in_thread] Shutdown event was signaled in dequeue of UserBuffQEl4yolo26s_cam123_best/nms1!
[2026-09-15 21:01:43.202] [6232] [HailoRT] [info] [queue_elements.cpp:68] [operator()] Thread in element PullQEl_hw_read4yolo26s_cam123_best/nms1 is not running anymore, exiting..
[2026-09-15 21:01:43.202] [6192] [HailoRT] [info] [queue_elements.cpp:46] [~BaseQueueElement] Queue element PullQEl_hw_read4yolo26s_cam123_best/nms1 has 0 frames in his Queue on destruction
[2026-09-15 21:01:43.202] [6233] [HailoRT] [info] [queue_elements.cpp:68] [operator()] Thread in element UserBuffQEl4yolo26s_cam123_best/nms1 is not running anymore, exiting..
[2026-09-15 21:01:43.202] [6192] [HailoRT] [info] [queue_elements.cpp:46] [~BaseQueueElement] Queue element UserBuffQEl4yolo26s_cam123_best/nms1 has 0 frames in his Queue on destruction
[2026-09-15 21:03:07.139] [6308] [HailoRT] [info] [vdevice.cpp:535] [create] Creating vdevice with params: device_count: 1, scheduling_algorithm: NONE, multi_process_service: false
[2026-09-15 21:03:07.150] [6308] [HailoRT] [info] [device.cpp:51] [Device] OS Version: Linux 6.18.39+rpt-rpi-2712 #1 SMP PREEMPT Debian 1:6.18.39-1+rpt1 (2026-07-29) aarch64
[2026-09-15 21:03:07.151] [6308] [HailoRT] [info] [control.cpp:113] [control__parse_identify_results] firmware_version is: 4.23.0
[2026-09-15 21:03:07.151] [6308] [HailoRT] [info] [vdevice.cpp:682] [create] VDevice Infos: 0001:01:00.0
[2026-09-15 21:03:07.157] [6308] [HailoRT] [info] [internal_buffer_manager.cpp:77] [print_execution_results] Planned internal buffer memory: CMA=0 CMA-Desc=1114112 Pinned=5463040. memory to edge layer usage factor is 0.6681277
[2026-09-15 21:03:07.157] [6308] [HailoRT] [info] [internal_buffer_manager.cpp:86] [print_execution_results] Default Internal buffer planner executed successfully
[2026-09-15 21:03:07.191] [6308] [HailoRT] [info] [device_internal.cpp:57] [configure] Configuring HEF took 39.772699 milliseconds
[2026-09-15 21:03:07.191] [6308] [HailoRT] [info] [vdevice.cpp:780] [configure] Configuring HEF on VDevice took 40.012069 milliseconds
[2026-09-15 21:03:07.191] [6308] [HailoRT] [info] [hef.cpp:1994] [get_network_group_and_network_name] No name was given. Addressing all networks of default network_group: yolo26s_cam123_best
[2026-09-15 21:03:07.191] [6308] [HailoRT] [info] [hef.cpp:1994] [get_network_group_and_network_name] No name was given. Addressing all networks of default network_group: yolo26s_cam123_best
[2026-09-15 21:03:07.191] [6308] [HailoRT] [info] [edge_elements.cpp:52] [create] Created (HwWriteEl5yolo26s_cam123_best/input_layer1 | hw_frame_size: 1228800)
[2026-09-15 21:03:07.191] [6308] [HailoRT] [info] [vstream.cpp:754] [InputVStreamImpl] Creating yolo26s_cam123_best/input_layer1...
[2026-09-15 21:03:07.191] [6308] [HailoRT] [info] [vstream_builder.cpp:102] [create_inputs] Input pipeline 'yolo26s_cam123_best/input_layer1': (HwWriteEl5yolo26s_cam123_best/input_layer1 | hw_frame_size: 1228800) >> HW
[2026-09-15 21:03:07.191] [6308] [HailoRT] [info] [edge_elements.cpp:287] [create] Created (HwReadEl4yolo26s_cam123_best/nms1 | hw_frame_size: 5668)
[2026-09-15 21:03:07.191] [6308] [HailoRT] [info] [queue_elements.cpp:657] [create] Created (PullQEl_hw_read4yolo26s_cam123_best/nms1)
[2026-09-15 21:03:07.191] [6308] [HailoRT] [info] [filter_elements.cpp:372] [create] Created (PostInferEl4yolo26s_cam123_best/nms1 | number_of_classes: 6, max_bboxes_per_class: 100 | Quantization - src_type: UINT16, dst_type FLOAT32, limvals_min: 0, limvals_max: 9.24)
[2026-09-15 21:03:07.191] [6308] [HailoRT] [info] [queue_elements.cpp:800] [create] Created (UserBuffQEl4yolo26s_cam123_best/nms1 | timeout: 10s)
[2026-09-15 21:03:07.191] [6308] [HailoRT] [info] [vstream.cpp:1114] [OutputVStreamImpl] Creating yolo26s_cam123_best/nms1...
[2026-09-15 21:03:07.191] [6308] [HailoRT] [info] [vstream_builder.cpp:220] [create_outputs] Output pipeline 'yolo26s_cam123_best/nms1': HW >> (HwReadEl4yolo26s_cam123_best/nms1 | hw_frame_size: 5668) >> (PullQEl_hw_read4yolo26s_cam123_best/nms1) >> (PostInferEl4yolo26s_cam123_best/nms1 | number_of_classes: 6, max_bboxes_per_class: 100 | Quantization - src_type: UINT16, dst_type FLOAT32, limvals_min: 0, limvals_max: 9.24) >> (UserBuffQEl4yolo26s_cam123_best/nms1 | timeout: 10s)
[2026-09-15 21:03:07.192] [6308] [HailoRT] [info] [core_op.cpp:156] [activate] Activating yolo26s_cam123_best took 0.407259 milliseconds. Note that the function is asynchronous and thus the network is not fully activated yet.
[2026-09-15 21:03:07.192] [6308] [HailoRT] [info] [core_op.cpp:156] [activate] Activating yolo26s_cam123_best took 0.415184 milliseconds. Note that the function is asynchronous and thus the network is not fully activated yet.
[2026-09-15 21:03:10.607] [6349] [HailoRT] [info] [vdevice_native_stream.cpp:331] [read_impl] Failed read from stream HAILO_STREAM_NOT_ACTIVATED(72) (device: 0001:01:00.0)
[2026-09-15 21:03:10.608] [6308] [HailoRT] [info] [core_op.cpp:186] [deactivate] Deactivating took 0.45398 ms
[2026-09-15 21:03:10.608] [6308] [HailoRT] [info] [core_op.cpp:186] [deactivate] Deactivating took 0.476295 ms
[2026-09-15 21:03:10.608] [6349] [HailoRT] [info] [queue_elements.cpp:734] [run_in_thread] Shutdown event was signaled in run_pull of queue element PullQEl_hw_read4yolo26s_cam123_best/nms1!
[2026-09-15 21:03:10.608] [6350] [HailoRT] [info] [queue_elements.cpp:855] [run_in_thread] Shutdown event was signaled in dequeue of UserBuffQEl4yolo26s_cam123_best/nms1!
[2026-09-15 21:03:10.608] [6349] [HailoRT] [info] [queue_elements.cpp:68] [operator()] Thread in element PullQEl_hw_read4yolo26s_cam123_best/nms1 is not running anymore, exiting..
[2026-09-15 21:03:10.608] [6308] [HailoRT] [info] [queue_elements.cpp:46] [~BaseQueueElement] Queue element PullQEl_hw_read4yolo26s_cam123_best/nms1 has 0 frames in his Queue on destruction
[2026-09-15 21:03:10.608] [6350] [HailoRT] [info] [queue_elements.cpp:68] [operator()] Thread in element UserBuffQEl4yolo26s_cam123_best/nms1 is not running anymore, exiting..
[2026-09-15 21:03:10.608] [6308] [HailoRT] [info] [queue_elements.cpp:46] [~BaseQueueElement] Queue element UserBuffQEl4yolo26s_cam123_best/nms1 has 0 frames in his Queue on destruction
[2026-09-15 21:14:51.093] [6623] [HailoRT] [info] [vdevice.cpp:535] [create] Creating vdevice with params: device_count: 1, scheduling_algorithm: NONE, multi_process_service: false
[2026-09-15 21:14:51.105] [6623] [HailoRT] [info] [device.cpp:51] [Device] OS Version: Linux 6.18.39+rpt-rpi-2712 #1 SMP PREEMPT Debian 1:6.18.39-1+rpt1 (2026-07-29) aarch64
[2026-09-15 21:14:51.105] [6623] [HailoRT] [info] [control.cpp:113] [control__parse_identify_results] firmware_version is: 4.23.0
[2026-09-15 21:14:51.105] [6623] [HailoRT] [info] [vdevice.cpp:682] [create] VDevice Infos: 0001:01:00.0
[2026-09-15 21:14:51.112] [6623] [HailoRT] [info] [internal_buffer_manager.cpp:77] [print_execution_results] Planned internal buffer memory: CMA=0 CMA-Desc=1114112 Pinned=5463040. memory to edge layer usage factor is 0.6681277
[2026-09-15 21:14:51.112] [6623] [HailoRT] [info] [internal_buffer_manager.cpp:86] [print_execution_results] Default Internal buffer planner executed successfully
[2026-09-15 21:14:51.153] [6623] [HailoRT] [info] [device_internal.cpp:57] [configure] Configuring HEF took 47.762857 milliseconds
[2026-09-15 21:14:51.153] [6623] [HailoRT] [info] [vdevice.cpp:780] [configure] Configuring HEF on VDevice took 48.020635 milliseconds
[2026-09-15 21:14:51.154] [6623] [HailoRT] [info] [hef.cpp:1994] [get_network_group_and_network_name] No name was given. Addressing all networks of default network_group: yolo26s_cam123_best
[2026-09-15 21:14:51.154] [6623] [HailoRT] [info] [edge_elements.cpp:52] [create] Created (HwWriteEl5yolo26s_cam123_best/input_layer1 | hw_frame_size: 1228800)
[2026-09-15 21:14:51.154] [6623] [HailoRT] [info] [vstream.cpp:754] [InputVStreamImpl] Creating yolo26s_cam123_best/input_layer1...
[2026-09-15 21:14:51.154] [6623] [HailoRT] [info] [vstream_builder.cpp:102] [create_inputs] Input pipeline 'yolo26s_cam123_best/input_layer1': (HwWriteEl5yolo26s_cam123_best/input_layer1 | hw_frame_size: 1228800) >> HW
[2026-09-15 21:14:51.154] [6623] [HailoRT] [info] [edge_elements.cpp:287] [create] Created (HwReadEl4yolo26s_cam123_best/nms1 | hw_frame_size: 5668)
[2026-09-15 21:14:51.154] [6623] [HailoRT] [info] [queue_elements.cpp:657] [create] Created (PullQEl_hw_read4yolo26s_cam123_best/nms1)
[2026-09-15 21:14:51.154] [6623] [HailoRT] [info] [filter_elements.cpp:372] [create] Created (PostInferEl4yolo26s_cam123_best/nms1 | number_of_classes: 6, max_bboxes_per_class: 100 | Quantization - src_type: UINT16, dst_type FLOAT32, limvals_min: 0, limvals_max: 9.24)
[2026-09-15 21:14:51.154] [6623] [HailoRT] [info] [queue_elements.cpp:800] [create] Created (UserBuffQEl4yolo26s_cam123_best/nms1 | timeout: 10s)
[2026-09-15 21:14:51.154] [6623] [HailoRT] [info] [vstream.cpp:1114] [OutputVStreamImpl] Creating yolo26s_cam123_best/nms1...
[2026-09-15 21:14:51.154] [6623] [HailoRT] [info] [vstream_builder.cpp:220] [create_outputs] Output pipeline 'yolo26s_cam123_best/nms1': HW >> (HwReadEl4yolo26s_cam123_best/nms1 | hw_frame_size: 5668) >> (PullQEl_hw_read4yolo26s_cam123_best/nms1) >> (PostInferEl4yolo26s_cam123_best/nms1 | number_of_classes: 6, max_bboxes_per_class: 100 | Quantization - src_type: UINT16, dst_type FLOAT32, limvals_min: 0, limvals_max: 9.24) >> (UserBuffQEl4yolo26s_cam123_best/nms1 | timeout: 10s)
[2026-09-15 21:14:51.154] [6623] [HailoRT] [info] [core_op.cpp:156] [activate] Activating yolo26s_cam123_best took 0.435963 milliseconds. Note that the function is asynchronous and thus the network is not fully activated yet.
[2026-09-15 21:14:51.154] [6623] [HailoRT] [info] [core_op.cpp:156] [activate] Activating yolo26s_cam123_best took 0.445277 milliseconds. Note that the function is asynchronous and thus the network is not fully activated yet.
[2026-09-15 21:16:02.574] [6659] [HailoRT] [info] [vdevice_native_stream.cpp:331] [read_impl] Failed read from stream HAILO_STREAM_NOT_ACTIVATED(72) (device: 0001:01:00.0)
[2026-09-15 21:16:02.575] [6623] [HailoRT] [info] [core_op.cpp:186] [deactivate] Deactivating took 0.545259 ms
[2026-09-15 21:16:02.575] [6623] [HailoRT] [info] [core_op.cpp:186] [deactivate] Deactivating took 0.574556 ms
[2026-09-15 21:16:02.575] [6660] [HailoRT] [info] [queue_elements.cpp:855] [run_in_thread] Shutdown event was signaled in dequeue of UserBuffQEl4yolo26s_cam123_best/nms1!
[2026-09-15 21:16:02.575] [6659] [HailoRT] [info] [queue_elements.cpp:734] [run_in_thread] Shutdown event was signaled in run_pull of queue element PullQEl_hw_read4yolo26s_cam123_best/nms1!
[2026-09-15 21:16:02.575] [6659] [HailoRT] [info] [queue_elements.cpp:68] [operator()] Thread in element PullQEl_hw_read4yolo26s_cam123_best/nms1 is not running anymore, exiting..
[2026-09-15 21:16:02.575] [6623] [HailoRT] [info] [queue_elements.cpp:46] [~BaseQueueElement] Queue element PullQEl_hw_read4yolo26s_cam123_best/nms1 has 0 frames in his Queue on destruction
[2026-09-15 21:16:02.575] [6660] [HailoRT] [info] [queue_elements.cpp:68] [operator()] Thread in element UserBuffQEl4yolo26s_cam123_best/nms1 is not running anymore, exiting..
[2026-09-15 21:16:02.575] [6623] [HailoRT] [info] [queue_elements.cpp:46] [~BaseQueueElement] Queue element UserBuffQEl4yolo26s_cam123_best/nms1 has 0 frames in his Queue on destruction
[2026-09-15 21:19:59.096] [8461] [HailoRT] [info] [vdevice.cpp:535] [create] Creating vdevice with params: device_count: 1, scheduling_algorithm: NONE, multi_process_service: false
[2026-09-15 21:19:59.106] [8461] [HailoRT] [info] [device.cpp:51] [Device] OS Version: Linux 6.18.39+rpt-rpi-2712 #1 SMP PREEMPT Debian 1:6.18.39-1+rpt1 (2026-07-29) aarch64
[2026-09-15 21:19:59.107] [8461] [HailoRT] [info] [control.cpp:113] [control__parse_identify_results] firmware_version is: 4.23.0
[2026-09-15 21:19:59.107] [8461] [HailoRT] [info] [vdevice.cpp:682] [create] VDevice Infos: 0001:01:00.0
[2026-09-15 21:19:59.114] [8461] [HailoRT] [info] [internal_buffer_manager.cpp:77] [print_execution_results] Planned internal buffer memory: CMA=0 CMA-Desc=1114112 Pinned=5463040. memory to edge layer usage factor is 0.6681277
[2026-09-15 21:19:59.114] [8461] [HailoRT] [info] [internal_buffer_manager.cpp:86] [print_execution_results] Default Internal buffer planner executed successfully
[2026-09-15 21:19:59.156] [8461] [HailoRT] [info] [device_internal.cpp:57] [configure] Configuring HEF took 48.479018 milliseconds
[2026-09-15 21:19:59.156] [8461] [HailoRT] [info] [vdevice.cpp:780] [configure] Configuring HEF on VDevice took 48.736963 milliseconds
[2026-09-15 21:19:59.156] [8461] [HailoRT] [info] [hef.cpp:1994] [get_network_group_and_network_name] No name was given. Addressing all networks of default network_group: yolo26s_cam123_best
[2026-09-15 21:19:59.156] [8461] [HailoRT] [info] [edge_elements.cpp:52] [create] Created (HwWriteEl5yolo26s_cam123_best/input_layer1 | hw_frame_size: 1228800)
[2026-09-15 21:19:59.156] [8461] [HailoRT] [info] [vstream.cpp:754] [InputVStreamImpl] Creating yolo26s_cam123_best/input_layer1...
[2026-09-15 21:19:59.156] [8461] [HailoRT] [info] [vstream_builder.cpp:102] [create_inputs] Input pipeline 'yolo26s_cam123_best/input_layer1': (HwWriteEl5yolo26s_cam123_best/input_layer1 | hw_frame_size: 1228800) >> HW
[2026-09-15 21:19:59.156] [8461] [HailoRT] [info] [edge_elements.cpp:287] [create] Created (HwReadEl4yolo26s_cam123_best/nms1 | hw_frame_size: 5668)
[2026-09-15 21:19:59.156] [8461] [HailoRT] [info] [queue_elements.cpp:657] [create] Created (PullQEl_hw_read4yolo26s_cam123_best/nms1)
[2026-09-15 21:19:59.156] [8461] [HailoRT] [info] [filter_elements.cpp:372] [create] Created (PostInferEl4yolo26s_cam123_best/nms1 | number_of_classes: 6, max_bboxes_per_class: 100 | Quantization - src_type: UINT16, dst_type FLOAT32, limvals_min: 0, limvals_max: 9.24)
[2026-09-15 21:19:59.156] [8461] [HailoRT] [info] [queue_elements.cpp:800] [create] Created (UserBuffQEl4yolo26s_cam123_best/nms1 | timeout: 10s)
[2026-09-15 21:19:59.156] [8461] [HailoRT] [info] [vstream.cpp:1114] [OutputVStreamImpl] Creating yolo26s_cam123_best/nms1...
[2026-09-15 21:19:59.156] [8461] [HailoRT] [info] [vstream_builder.cpp:220] [create_outputs] Output pipeline 'yolo26s_cam123_best/nms1': HW >> (HwReadEl4yolo26s_cam123_best/nms1 | hw_frame_size: 5668) >> (PullQEl_hw_read4yolo26s_cam123_best/nms1) >> (PostInferEl4yolo26s_cam123_best/nms1 | number_of_classes: 6, max_bboxes_per_class: 100 | Quantization - src_type: UINT16, dst_type FLOAT32, limvals_min: 0, limvals_max: 9.24) >> (UserBuffQEl4yolo26s_cam123_best/nms1 | timeout: 10s)
[2026-09-15 21:19:59.157] [8461] [HailoRT] [info] [core_op.cpp:156] [activate] Activating yolo26s_cam123_best took 0.464426 milliseconds. Note that the function is asynchronous and thus the network is not fully activated yet.
[2026-09-15 21:19:59.157] [8461] [HailoRT] [info] [core_op.cpp:156] [activate] Activating yolo26s_cam123_best took 0.475222 milliseconds. Note that the function is asynchronous and thus the network is not fully activated yet.
[2026-09-15 21:20:23.472] [8505] [HailoRT] [info] [vdevice_native_stream.cpp:331] [read_impl] Failed read from stream HAILO_STREAM_NOT_ACTIVATED(72) (device: 0001:01:00.0)
[2026-09-15 21:20:23.472] [8461] [HailoRT] [info] [core_op.cpp:186] [deactivate] Deactivating took 0.520945 ms
[2026-09-15 21:20:23.472] [8461] [HailoRT] [info] [core_op.cpp:186] [deactivate] Deactivating took 0.544537 ms
[2026-09-15 21:20:23.472] [8506] [HailoRT] [info] [queue_elements.cpp:855] [run_in_thread] Shutdown event was signaled in dequeue of UserBuffQEl4yolo26s_cam123_best/nms1!
[2026-09-15 21:20:23.472] [8505] [HailoRT] [info] [queue_elements.cpp:734] [run_in_thread] Shutdown event was signaled in run_pull of queue element PullQEl_hw_read4yolo26s_cam123_best/nms1!
[2026-09-15 21:20:23.472] [8505] [HailoRT] [info] [queue_elements.cpp:68] [operator()] Thread in element PullQEl_hw_read4yolo26s_cam123_best/nms1 is not running anymore, exiting..
[2026-09-15 21:20:23.472] [8461] [HailoRT] [info] [queue_elements.cpp:46] [~BaseQueueElement] Queue element PullQEl_hw_read4yolo26s_cam123_best/nms1 has 0 frames in his Queue on destruction
[2026-09-15 21:20:23.473] [8506] [HailoRT] [info] [queue_elements.cpp:68] [operator()] Thread in element UserBuffQEl4yolo26s_cam123_best/nms1 is not running anymore, exiting..
[2026-09-15 21:20:23.473] [8461] [HailoRT] [info] [queue_elements.cpp:46] [~BaseQueueElement] Queue element UserBuffQEl4yolo26s_cam123_best/nms1 has 0 frames in his Queue on destruction
[2026-09-15 21:26:26.602] [9210] [HailoRT] [info] [vdevice.cpp:535] [create] Creating vdevice with params: device_count: 1, scheduling_algorithm: NONE, multi_process_service: false
[2026-09-15 21:26:26.614] [9210] [HailoRT] [info] [device.cpp:51] [Device] OS Version: Linux 6.18.39+rpt-rpi-2712 #1 SMP PREEMPT Debian 1:6.18.39-1+rpt1 (2026-07-29) aarch64
[2026-09-15 21:26:26.614] [9210] [HailoRT] [info] [control.cpp:113] [control__parse_identify_results] firmware_version is: 4.23.0
[2026-09-15 21:26:26.614] [9210] [HailoRT] [info] [vdevice.cpp:682] [create] VDevice Infos: 0001:01:00.0
[2026-09-15 21:26:26.621] [9210] [HailoRT] [info] [internal_buffer_manager.cpp:77] [print_execution_results] Planned internal buffer memory: CMA=0 CMA-Desc=1114112 Pinned=5463040. memory to edge layer usage factor is 0.6681277
[2026-09-15 21:26:26.621] [9210] [HailoRT] [info] [internal_buffer_manager.cpp:86] [print_execution_results] Default Internal buffer planner executed successfully
[2026-09-15 21:26:26.654] [9210] [HailoRT] [info] [device_internal.cpp:57] [configure] Configuring HEF took 39.667655 milliseconds
[2026-09-15 21:26:26.654] [9210] [HailoRT] [info] [vdevice.cpp:780] [configure] Configuring HEF on VDevice took 39.905877 milliseconds
[2026-09-15 21:26:26.654] [9210] [HailoRT] [info] [hef.cpp:1994] [get_network_group_and_network_name] No name was given. Addressing all networks of default network_group: yolo26s_cam123_best
[2026-09-15 21:26:26.654] [9210] [HailoRT] [info] [edge_elements.cpp:52] [create] Created (HwWriteEl5yolo26s_cam123_best/input_layer1 | hw_frame_size: 1228800)
[2026-09-15 21:26:26.654] [9210] [HailoRT] [info] [vstream.cpp:754] [InputVStreamImpl] Creating yolo26s_cam123_best/input_layer1...
[2026-09-15 21:26:26.655] [9210] [HailoRT] [info] [vstream_builder.cpp:102] [create_inputs] Input pipeline 'yolo26s_cam123_best/input_layer1': (HwWriteEl5yolo26s_cam123_best/input_layer1 | hw_frame_size: 1228800) >> HW
[2026-09-15 21:26:26.655] [9210] [HailoRT] [info] [edge_elements.cpp:287] [create] Created (HwReadEl4yolo26s_cam123_best/nms1 | hw_frame_size: 5668)
[2026-09-15 21:26:26.655] [9210] [HailoRT] [info] [queue_elements.cpp:657] [create] Created (PullQEl_hw_read4yolo26s_cam123_best/nms1)
[2026-09-15 21:26:26.655] [9210] [HailoRT] [info] [filter_elements.cpp:372] [create] Created (PostInferEl4yolo26s_cam123_best/nms1 | number_of_classes: 6, max_bboxes_per_class: 100 | Quantization - src_type: UINT16, dst_type FLOAT32, limvals_min: 0, limvals_max: 9.24)
[2026-09-15 21:26:26.655] [9210] [HailoRT] [info] [queue_elements.cpp:800] [create] Created (UserBuffQEl4yolo26s_cam123_best/nms1 | timeout: 10s)
[2026-09-15 21:26:26.655] [9210] [HailoRT] [info] [vstream.cpp:1114] [OutputVStreamImpl] Creating yolo26s_cam123_best/nms1...
[2026-09-15 21:26:26.655] [9210] [HailoRT] [info] [vstream_builder.cpp:220] [create_outputs] Output pipeline 'yolo26s_cam123_best/nms1': HW >> (HwReadEl4yolo26s_cam123_best/nms1 | hw_frame_size: 5668) >> (PullQEl_hw_read4yolo26s_cam123_best/nms1) >> (PostInferEl4yolo26s_cam123_best/nms1 | number_of_classes: 6, max_bboxes_per_class: 100 | Quantization - src_type: UINT16, dst_type FLOAT32, limvals_min: 0, limvals_max: 9.24) >> (UserBuffQEl4yolo26s_cam123_best/nms1 | timeout: 10s)
[2026-09-15 21:26:26.655] [9210] [HailoRT] [info] [core_op.cpp:156] [activate] Activating yolo26s_cam123_best took 0.365648 milliseconds. Note that the function is asynchronous and thus the network is not fully activated yet.
[2026-09-15 21:26:26.655] [9210] [HailoRT] [info] [core_op.cpp:156] [activate] Activating yolo26s_cam123_best took 0.374389 milliseconds. Note that the function is asynchronous and thus the network is not fully activated yet.
[2026-09-15 21:26:26.783] [9236] [HailoRT] [info] [vdevice_native_stream.cpp:331] [read_impl] Failed read from stream HAILO_STREAM_NOT_ACTIVATED(72) (device: 0001:01:00.0)
[2026-09-15 21:26:26.783] [9210] [HailoRT] [info] [core_op.cpp:186] [deactivate] Deactivating took 0.456 ms
[2026-09-15 21:26:26.783] [9210] [HailoRT] [info] [core_op.cpp:186] [deactivate] Deactivating took 0.501148 ms
[2026-09-15 21:26:26.783] [9236] [HailoRT] [info] [queue_elements.cpp:734] [run_in_thread] Shutdown event was signaled in run_pull of queue element PullQEl_hw_read4yolo26s_cam123_best/nms1!
[2026-09-15 21:26:26.783] [9237] [HailoRT] [info] [queue_elements.cpp:855] [run_in_thread] Shutdown event was signaled in dequeue of UserBuffQEl4yolo26s_cam123_best/nms1!
[2026-09-15 21:26:26.783] [9236] [HailoRT] [info] [queue_elements.cpp:68] [operator()] Thread in element PullQEl_hw_read4yolo26s_cam123_best/nms1 is not running anymore, exiting..
[2026-09-15 21:26:26.783] [9210] [HailoRT] [info] [queue_elements.cpp:46] [~BaseQueueElement] Queue element PullQEl_hw_read4yolo26s_cam123_best/nms1 has 0 frames in his Queue on destruction
[2026-09-15 21:26:26.783] [9237] [HailoRT] [info] [queue_elements.cpp:68] [operator()] Thread in element UserBuffQEl4yolo26s_cam123_best/nms1 is not running anymore, exiting..
[2026-09-15 21:26:26.783] [9210] [HailoRT] [info] [queue_elements.cpp:46] [~BaseQueueElement] Queue element UserBuffQEl4yolo26s_cam123_best/nms1 has 0 frames in his Queue on destruction
[2026-09-15 21:27:28.608] [9296] [HailoRT] [info] [vdevice.cpp:535] [create] Creating vdevice with params: device_count: 1, scheduling_algorithm: NONE, multi_process_service: false
[2026-09-15 21:27:28.618] [9296] [HailoRT] [info] [device.cpp:51] [Device] OS Version: Linux 6.18.39+rpt-rpi-2712 #1 SMP PREEMPT Debian 1:6.18.39-1+rpt1 (2026-07-29) aarch64
[2026-09-15 21:27:28.619] [9296] [HailoRT] [info] [control.cpp:113] [control__parse_identify_results] firmware_version is: 4.23.0
[2026-09-15 21:27:28.619] [9296] [HailoRT] [info] [vdevice.cpp:682] [create] VDevice Infos: 0001:01:00.0
[2026-09-15 21:27:28.625] [9296] [HailoRT] [info] [internal_buffer_manager.cpp:77] [print_execution_results] Planned internal buffer memory: CMA=0 CMA-Desc=1114112 Pinned=5463040. memory to edge layer usage factor is 0.6681277
[2026-09-15 21:27:28.625] [9296] [HailoRT] [info] [internal_buffer_manager.cpp:86] [print_execution_results] Default Internal buffer planner executed successfully
[2026-09-15 21:27:28.659] [9296] [HailoRT] [info] [device_internal.cpp:57] [configure] Configuring HEF took 39.859914 milliseconds
[2026-09-15 21:27:28.659] [9296] [HailoRT] [info] [vdevice.cpp:780] [configure] Configuring HEF on VDevice took 40.099174 milliseconds
[2026-09-15 21:27:28.659] [9296] [HailoRT] [info] [hef.cpp:1994] [get_network_group_and_network_name] No name was given. Addressing all networks of default network_group: yolo26s_cam123_best
[2026-09-15 21:27:28.659] [9296] [HailoRT] [info] [edge_elements.cpp:52] [create] Created (HwWriteEl5yolo26s_cam123_best/input_layer1 | hw_frame_size: 1228800)
[2026-09-15 21:27:28.659] [9296] [HailoRT] [info] [vstream.cpp:754] [InputVStreamImpl] Creating yolo26s_cam123_best/input_layer1...
[2026-09-15 21:27:28.659] [9296] [HailoRT] [info] [vstream_builder.cpp:102] [create_inputs] Input pipeline 'yolo26s_cam123_best/input_layer1': (HwWriteEl5yolo26s_cam123_best/input_layer1 | hw_frame_size: 1228800) >> HW
[2026-09-15 21:27:28.659] [9296] [HailoRT] [info] [edge_elements.cpp:287] [create] Created (HwReadEl4yolo26s_cam123_best/nms1 | hw_frame_size: 5668)
[2026-09-15 21:27:28.659] [9296] [HailoRT] [info] [queue_elements.cpp:657] [create] Created (PullQEl_hw_read4yolo26s_cam123_best/nms1)
[2026-09-15 21:27:28.659] [9296] [HailoRT] [info] [filter_elements.cpp:372] [create] Created (PostInferEl4yolo26s_cam123_best/nms1 | number_of_classes: 6, max_bboxes_per_class: 100 | Quantization - src_type: UINT16, dst_type FLOAT32, limvals_min: 0, limvals_max: 9.24)
[2026-09-15 21:27:28.659] [9296] [HailoRT] [info] [queue_elements.cpp:800] [create] Created (UserBuffQEl4yolo26s_cam123_best/nms1 | timeout: 10s)
[2026-09-15 21:27:28.659] [9296] [HailoRT] [info] [vstream.cpp:1114] [OutputVStreamImpl] Creating yolo26s_cam123_best/nms1...
[2026-09-15 21:27:28.659] [9296] [HailoRT] [info] [vstream_builder.cpp:220] [create_outputs] Output pipeline 'yolo26s_cam123_best/nms1': HW >> (HwReadEl4yolo26s_cam123_best/nms1 | hw_frame_size: 5668) >> (PullQEl_hw_read4yolo26s_cam123_best/nms1) >> (PostInferEl4yolo26s_cam123_best/nms1 | number_of_classes: 6, max_bboxes_per_class: 100 | Quantization - src_type: UINT16, dst_type FLOAT32, limvals_min: 0, limvals_max: 9.24) >> (UserBuffQEl4yolo26s_cam123_best/nms1 | timeout: 10s)
[2026-09-15 21:27:28.660] [9296] [HailoRT] [info] [core_op.cpp:156] [activate] Activating yolo26s_cam123_best took 0.40687 milliseconds. Note that the function is asynchronous and thus the network is not fully activated yet.
[2026-09-15 21:27:28.660] [9296] [HailoRT] [info] [core_op.cpp:156] [activate] Activating yolo26s_cam123_best took 0.414722 milliseconds. Note that the function is asynchronous and thus the network is not fully activated yet.
[2026-09-15 21:28:16.016] [9321] [HailoRT] [error] [async_stream_base.hpp:167] [cv_wait_for] Got HAILO_TIMEOUT while waiting for output stream buffer yolo26s_cam123_best/nms1
[2026-09-15 21:28:16.016] [9321] [HailoRT] [error] [nms_stream.cpp:255] [read_nms_burst_mode] CHECK_SUCCESS failed with status=HAILO_TIMEOUT(4) - Failed reading nms burst
[2026-09-15 21:28:16.016] [9321] [HailoRT] [error] [nms_stream.cpp:324] [read_nms] CHECK_SUCCESS failed with status=HAILO_TIMEOUT(4) - Failed reading nms
[2026-09-15 21:28:16.016] [9322] [HailoRT] [info] [vdevice_native_stream.cpp:331] [read_impl] Failed read from stream HAILO_STREAM_ABORT(63) (device: 0001:01:00.0)
[2026-09-15 21:28:16.016] [9322] [HailoRT] [info] [edge_elements.cpp:396] [run_pull] Reading from stream was aborted!
[2026-09-15 21:28:16.016] [9322] [HailoRT] [info] [queue_elements.cpp:738] [run_in_thread] run_pull of queue element PullQEl_hw_read4yolo26s_cam123_best/nms1 was aborted!
[2026-09-15 21:28:26.016] [9321] [HailoRT] [error] [async_stream_base.hpp:167] [cv_wait_for] Got HAILO_TIMEOUT while waiting for output stream buffer yolo26s_cam123_best/nms1
[2026-09-15 21:28:26.016] [9321] [HailoRT] [error] [nms_stream.cpp:255] [read_nms_burst_mode] CHECK_SUCCESS failed with status=HAILO_TIMEOUT(4) - Failed reading nms burst
[2026-09-15 21:28:26.016] [9321] [HailoRT] [error] [nms_stream.cpp:324] [read_nms] CHECK_SUCCESS failed with status=HAILO_TIMEOUT(4) - Failed reading nms
[2026-09-15 21:28:36.016] [9321] [HailoRT] [error] [async_stream_base.hpp:167] [cv_wait_for] Got HAILO_TIMEOUT while waiting for output stream buffer yolo26s_cam123_best/nms1
[2026-09-15 21:28:36.016] [9321] [HailoRT] [error] [nms_stream.cpp:255] [read_nms_burst_mode] CHECK_SUCCESS failed with status=HAILO_TIMEOUT(4) - Failed reading nms burst
[2026-09-15 21:28:36.017] [9321] [HailoRT] [error] [nms_stream.cpp:324] [read_nms] CHECK_SUCCESS failed with status=HAILO_TIMEOUT(4) - Failed reading nms
[2026-09-15 21:28:36.043] [9296] [HailoRT] [info] [core_op.cpp:186] [deactivate] Deactivating took 0.471611 ms
[2026-09-15 21:28:36.043] [9296] [HailoRT] [info] [core_op.cpp:186] [deactivate] Deactivating took 0.503111 ms
[2026-09-15 21:28:36.043] [9323] [HailoRT] [info] [queue_elements.cpp:855] [run_in_thread] Shutdown event was signaled in dequeue of UserBuffQEl4yolo26s_cam123_best/nms1!
[2026-09-15 21:28:36.043] [9322] [HailoRT] [info] [queue_elements.cpp:68] [operator()] Thread in element PullQEl_hw_read4yolo26s_cam123_best/nms1 is not running anymore, exiting..
[2026-09-15 21:28:36.043] [9296] [HailoRT] [info] [queue_elements.cpp:46] [~BaseQueueElement] Queue element PullQEl_hw_read4yolo26s_cam123_best/nms1 has 0 frames in his Queue on destruction
[2026-09-15 21:28:36.043] [9323] [HailoRT] [info] [queue_elements.cpp:68] [operator()] Thread in element UserBuffQEl4yolo26s_cam123_best/nms1 is not running anymore, exiting..
[2026-09-15 21:28:36.043] [9296] [HailoRT] [info] [queue_elements.cpp:46] [~BaseQueueElement] Queue element UserBuffQEl4yolo26s_cam123_best/nms1 has 0 frames in his Queue on destruction
[2026-09-15 21:34:59.093] [10953] [HailoRT] [info] [vdevice.cpp:535] [create] Creating vdevice with params: device_count: 1, scheduling_algorithm: NONE, multi_process_service: false
[2026-09-15 21:34:59.105] [10953] [HailoRT] [info] [device.cpp:51] [Device] OS Version: Linux 6.18.39+rpt-rpi-2712 #1 SMP PREEMPT Debian 1:6.18.39-1+rpt1 (2026-07-29) aarch64
[2026-09-15 21:34:59.106] [10953] [HailoRT] [info] [control.cpp:113] [control__parse_identify_results] firmware_version is: 4.23.0
[2026-09-15 21:34:59.106] [10953] [HailoRT] [info] [vdevice.cpp:682] [create] VDevice Infos: 0001:01:00.0
[2026-09-15 21:34:59.113] [10953] [HailoRT] [info] [internal_buffer_manager.cpp:77] [print_execution_results] Planned internal buffer memory: CMA=0 CMA-Desc=1114112 Pinned=5463040. memory to edge layer usage factor is 0.6681277
[2026-09-15 21:34:59.113] [10953] [HailoRT] [info] [internal_buffer_manager.cpp:86] [print_execution_results] Default Internal buffer planner executed successfully
[2026-09-15 21:34:59.154] [10953] [HailoRT] [info] [device_internal.cpp:57] [configure] Configuring HEF took 48.328587 milliseconds
[2026-09-15 21:34:59.154] [10953] [HailoRT] [info] [vdevice.cpp:780] [configure] Configuring HEF on VDevice took 48.584123 milliseconds
[2026-09-15 21:34:59.154] [10953] [HailoRT] [info] [hef.cpp:1994] [get_network_group_and_network_name] No name was given. Addressing all networks of default network_group: yolo26s_cam123_best
[2026-09-15 21:34:59.154] [10953] [HailoRT] [info] [edge_elements.cpp:52] [create] Created (HwWriteEl5yolo26s_cam123_best/input_layer1 | hw_frame_size: 1228800)
[2026-09-15 21:34:59.154] [10953] [HailoRT] [info] [vstream.cpp:754] [InputVStreamImpl] Creating yolo26s_cam123_best/input_layer1...
[2026-09-15 21:34:59.154] [10953] [HailoRT] [info] [vstream_builder.cpp:102] [create_inputs] Input pipeline 'yolo26s_cam123_best/input_layer1': (HwWriteEl5yolo26s_cam123_best/input_layer1 | hw_frame_size: 1228800) >> HW
[2026-09-15 21:34:59.154] [10953] [HailoRT] [info] [edge_elements.cpp:287] [create] Created (HwReadEl4yolo26s_cam123_best/nms1 | hw_frame_size: 5668)
[2026-09-15 21:34:59.155] [10953] [HailoRT] [info] [queue_elements.cpp:657] [create] Created (PullQEl_hw_read4yolo26s_cam123_best/nms1)
[2026-09-15 21:34:59.155] [10953] [HailoRT] [info] [filter_elements.cpp:372] [create] Created (PostInferEl4yolo26s_cam123_best/nms1 | number_of_classes: 6, max_bboxes_per_class: 100 | Quantization - src_type: UINT16, dst_type FLOAT32, limvals_min: 0, limvals_max: 9.24)
[2026-09-15 21:34:59.155] [10953] [HailoRT] [info] [queue_elements.cpp:800] [create] Created (UserBuffQEl4yolo26s_cam123_best/nms1 | timeout: 10s)
[2026-09-15 21:34:59.155] [10953] [HailoRT] [info] [vstream.cpp:1114] [OutputVStreamImpl] Creating yolo26s_cam123_best/nms1...
[2026-09-15 21:34:59.155] [10953] [HailoRT] [info] [vstream_builder.cpp:220] [create_outputs] Output pipeline 'yolo26s_cam123_best/nms1': HW >> (HwReadEl4yolo26s_cam123_best/nms1 | hw_frame_size: 5668) >> (PullQEl_hw_read4yolo26s_cam123_best/nms1) >> (PostInferEl4yolo26s_cam123_best/nms1 | number_of_classes: 6, max_bboxes_per_class: 100 | Quantization - src_type: UINT16, dst_type FLOAT32, limvals_min: 0, limvals_max: 9.24) >> (UserBuffQEl4yolo26s_cam123_best/nms1 | timeout: 10s)
[2026-09-15 21:34:59.155] [10953] [HailoRT] [info] [core_op.cpp:156] [activate] Activating yolo26s_cam123_best took 0.405499 milliseconds. Note that the function is asynchronous and thus the network is not fully activated yet.
[2026-09-15 21:34:59.155] [10953] [HailoRT] [info] [core_op.cpp:156] [activate] Activating yolo26s_cam123_best took 0.413962 milliseconds. Note that the function is asynchronous and thus the network is not fully activated yet.
[2026-09-15 21:36:01.341] [11001] [HailoRT] [info] [vdevice_native_stream.cpp:331] [read_impl] Failed read from stream HAILO_STREAM_NOT_ACTIVATED(72) (device: 0001:01:00.0)
[2026-09-15 21:36:01.341] [10953] [HailoRT] [info] [core_op.cpp:186] [deactivate] Deactivating took 0.490352 ms
[2026-09-15 21:36:01.341] [10953] [HailoRT] [info] [core_op.cpp:186] [deactivate] Deactivating took 0.509611 ms
[2026-09-15 21:36:01.341] [11002] [HailoRT] [info] [queue_elements.cpp:855] [run_in_thread] Shutdown event was signaled in dequeue of UserBuffQEl4yolo26s_cam123_best/nms1!
[2026-09-15 21:36:01.341] [11001] [HailoRT] [info] [queue_elements.cpp:734] [run_in_thread] Shutdown event was signaled in run_pull of queue element PullQEl_hw_read4yolo26s_cam123_best/nms1!
[2026-09-15 21:36:01.342] [11001] [HailoRT] [info] [queue_elements.cpp:68] [operator()] Thread in element PullQEl_hw_read4yolo26s_cam123_best/nms1 is not running anymore, exiting..
[2026-09-15 21:36:01.342] [10953] [HailoRT] [info] [queue_elements.cpp:46] [~BaseQueueElement] Queue element PullQEl_hw_read4yolo26s_cam123_best/nms1 has 0 frames in his Queue on destruction
[2026-09-15 21:36:01.342] [11002] [HailoRT] [info] [queue_elements.cpp:68] [operator()] Thread in element UserBuffQEl4yolo26s_cam123_best/nms1 is not running anymore, exiting..
[2026-09-15 21:36:01.342] [10953] [HailoRT] [info] [queue_elements.cpp:46] [~BaseQueueElement] Queue element UserBuffQEl4yolo26s_cam123_best/nms1 has 0 frames in his Queue on destruction
[2026-09-15 23:10:19.112] [13428] [HailoRT] [info] [device.cpp:51] [Device] OS Version: Linux 6.18.39+rpt-rpi-2712 #1 SMP PREEMPT Debian 1:6.18.39-1+rpt1 (2026-07-29) aarch64
[2026-09-15 23:10:19.112] [13428] [HailoRT] [info] [control.cpp:113] [control__parse_identify_results] firmware_version is: 4.23.0
[2026-09-15 23:10:19.113] [13428] [HailoRT] [info] [control.cpp:113] [control__parse_identify_results] firmware_version is: 4.23.0
[2026-09-15 23:11:51.706] [13471] [HailoRT] [info] [vdevice.cpp:535] [create] Creating vdevice with params: device_count: 1, scheduling_algorithm: NONE, multi_process_service: false
[2026-09-15 23:11:51.717] [13471] [HailoRT] [info] [device.cpp:51] [Device] OS Version: Linux 6.18.39+rpt-rpi-2712 #1 SMP PREEMPT Debian 1:6.18.39-1+rpt1 (2026-07-29) aarch64
[2026-09-15 23:11:51.718] [13471] [HailoRT] [info] [control.cpp:113] [control__parse_identify_results] firmware_version is: 4.23.0
[2026-09-15 23:11:51.718] [13471] [HailoRT] [info] [vdevice.cpp:682] [create] VDevice Infos: 0001:01:00.0
[2026-09-15 23:11:51.725] [13471] [HailoRT] [info] [internal_buffer_manager.cpp:77] [print_execution_results] Planned internal buffer memory: CMA=0 CMA-Desc=1114112 Pinned=5463040. memory to edge layer usage factor is 0.6681277
[2026-09-15 23:11:51.725] [13471] [HailoRT] [info] [internal_buffer_manager.cpp:86] [print_execution_results] Default Internal buffer planner executed successfully
[2026-09-15 23:11:51.767] [13471] [HailoRT] [info] [device_internal.cpp:57] [configure] Configuring HEF took 48.782122 milliseconds
[2026-09-15 23:11:51.767] [13471] [HailoRT] [info] [vdevice.cpp:780] [configure] Configuring HEF on VDevice took 49.045084 milliseconds
[2026-09-15 23:11:51.767] [13471] [HailoRT] [info] [control.cpp:113] [control__parse_identify_results] firmware_version is: 4.23.0
[2026-09-15 23:11:51.767] [13471] [HailoRT] [info] [control.cpp:113] [control__parse_identify_results] firmware_version is: 4.23.0
[2026-09-15 23:11:51.768] [13471] [HailoRT] [info] [core_op.cpp:156] [activate] Activating yolo26s_cam123_best took 0.456259 milliseconds. Note that the function is asynchronous and thus the network is not fully activated yet.
[2026-09-15 23:11:51.768] [13471] [HailoRT] [info] [core_op.cpp:156] [activate] Activating yolo26s_cam123_best took 0.467592 milliseconds. Note that the function is asynchronous and thus the network is not fully activated yet.
[2026-09-15 23:11:51.786] [13471] [HailoRT] [info] [control.cpp:113] [control__parse_identify_results] firmware_version is: 4.23.0
[2026-09-15 23:11:51.786] [13471] [HailoRT] [info] [control.cpp:113] [control__parse_identify_results] firmware_version is: 4.23.0
[2026-09-15 23:11:51.786] [13471] [HailoRT] [info] [edge_elements.cpp:52] [create] Created (HwWriteEl5yolo26s_cam123_best/input_layer1 | hw_frame_size: 1228800)
[2026-09-15 23:11:51.787] [13471] [HailoRT] [info] [vstream.cpp:754] [InputVStreamImpl] Creating yolo26s_cam123_best/input_layer1...
[2026-09-15 23:11:51.787] [13471] [HailoRT] [info] [vstream_builder.cpp:102] [create_inputs] Input pipeline 'yolo26s_cam123_best/input_layer1': (HwWriteEl5yolo26s_cam123_best/input_layer1 | hw_frame_size: 1228800) >> HW
[2026-09-15 23:11:51.787] [13471] [HailoRT] [info] [edge_elements.cpp:287] [create] Created (HwReadEl4yolo26s_cam123_best/nms1 | hw_frame_size: 5668)
[2026-09-15 23:11:51.787] [13471] [HailoRT] [info] [queue_elements.cpp:657] [create] Created (PullQEl_hw_read4yolo26s_cam123_best/nms1)
[2026-09-15 23:11:51.787] [13471] [HailoRT] [info] [filter_elements.cpp:372] [create] Created (PostInferEl4yolo26s_cam123_best/nms1 | number_of_classes: 6, max_bboxes_per_class: 100 | Quantization - src_type: UINT16, dst_type FLOAT32, limvals_min: 0, limvals_max: 9.24)
[2026-09-15 23:11:51.787] [13471] [HailoRT] [info] [queue_elements.cpp:800] [create] Created (UserBuffQEl4yolo26s_cam123_best/nms1 | timeout: 10s)
[2026-09-15 23:11:51.787] [13471] [HailoRT] [info] [vstream.cpp:1114] [OutputVStreamImpl] Creating yolo26s_cam123_best/nms1...
[2026-09-15 23:11:51.787] [13471] [HailoRT] [info] [vstream_builder.cpp:220] [create_outputs] Output pipeline 'yolo26s_cam123_best/nms1': HW >> (HwReadEl4yolo26s_cam123_best/nms1 | hw_frame_size: 5668) >> (PullQEl_hw_read4yolo26s_cam123_best/nms1) >> (PostInferEl4yolo26s_cam123_best/nms1 | number_of_classes: 6, max_bboxes_per_class: 100 | Quantization - src_type: UINT16, dst_type FLOAT32, limvals_min: 0, limvals_max: 9.24) >> (UserBuffQEl4yolo26s_cam123_best/nms1 | timeout: 10s)
[2026-09-15 23:11:56.787] [13483] [HailoRT] [info] [vdevice_native_stream.cpp:142] [write_impl] Failed write to stream yolo26s_cam123_best/input_layer1 (device: 0001:01:00.0) with status=HAILO_STREAM_ABORT(63)
[2026-09-15 23:11:56.787] [13478] [HailoRT] [info] [vdevice_native_stream.cpp:331] [read_impl] Failed read from stream HAILO_STREAM_ABORT(63) (device: 0001:01:00.0)
[2026-09-15 23:11:56.787] [13478] [HailoRT] [info] [edge_elements.cpp:396] [run_pull] Reading from stream was aborted!
[2026-09-15 23:11:56.787] [13483] [HailoRT] [info] [edge_elements.cpp:87] [run_push] Failed to send on input stream InputStream(index=5, name=yolo26s_cam123_best/input_layer1) because stream was aborted
[2026-09-15 23:11:56.787] [13483] [HailoRT] [info] [vstream.cpp:778] [write] Sending to VStream was aborted!
[2026-09-15 23:11:56.787] [13478] [HailoRT] [info] [queue_elements.cpp:738] [run_in_thread] run_pull of queue element PullQEl_hw_read4yolo26s_cam123_best/nms1 was aborted!
[2026-09-15 23:11:56.787] [13479] [HailoRT] [info] [queue_elements.cpp:706] [run_pull] Shutdown event was signaled in dequeue of queue element PullQEl_hw_read4yolo26s_cam123_best/nms1!
[2026-09-15 23:11:56.787] [13479] [HailoRT] [info] [queue_elements.cpp:862] [run_in_thread] Shutdown event was signaled in run_pull of UserBuffQEl4yolo26s_cam123_best/nms1!
[2026-09-15 23:11:56.787] [13482] [HailoRT] [info] [queue_elements.cpp:834] [run_pull] Shutdown event was signaled in dequeue of queue element UserBuffQEl4yolo26s_cam123_best/nms1!
[2026-09-15 23:11:56.787] [13482] [HailoRT] [info] [vstream.cpp:1138] [read] Receiving to VStream was shutdown!
[2026-09-15 23:11:56.819] [13478] [HailoRT] [info] [queue_elements.cpp:68] [operator()] Thread in element PullQEl_hw_read4yolo26s_cam123_best/nms1 is not running anymore, exiting..
[2026-09-15 23:11:56.819] [13471] [HailoRT] [info] [queue_elements.cpp:46] [~BaseQueueElement] Queue element PullQEl_hw_read4yolo26s_cam123_best/nms1 has 0 frames in his Queue on destruction
[2026-09-15 23:11:56.819] [13479] [HailoRT] [info] [queue_elements.cpp:68] [operator()] Thread in element UserBuffQEl4yolo26s_cam123_best/nms1 is not running anymore, exiting..
[2026-09-15 23:11:56.819] [13471] [HailoRT] [info] [queue_elements.cpp:46] [~BaseQueueElement] Queue element UserBuffQEl4yolo26s_cam123_best/nms1 has 0 frames in his Queue on destruction
[2026-09-15 23:11:56.819] [13471] [HailoRT] [info] [core_op.cpp:186] [deactivate] Deactivating took 0.006518 ms
[2026-09-15 23:11:56.820] [13471] [HailoRT] [info] [core_op.cpp:186] [deactivate] Deactivating took 0.018666 ms
[2026-09-16 11:36:25.125] [2749] [HailoRT] [info] [vdevice.cpp:535] [create] Creating vdevice with params: device_count: 1, scheduling_algorithm: NONE, multi_process_service: false
[2026-09-16 11:36:25.144] [2749] [HailoRT] [info] [device.cpp:51] [Device] OS Version: Linux 6.18.39+rpt-rpi-2712 #1 SMP PREEMPT Debian 1:6.18.39-1+rpt1 (2026-07-29) aarch64
[2026-09-16 11:36:25.146] [2749] [HailoRT] [info] [control.cpp:113] [control__parse_identify_results] firmware_version is: 4.23.0
[2026-09-16 11:36:25.146] [2749] [HailoRT] [info] [vdevice.cpp:682] [create] VDevice Infos: 0001:01:00.0
[2026-09-16 11:36:25.156] [2749] [HailoRT] [info] [internal_buffer_manager.cpp:77] [print_execution_results] Planned internal buffer memory: CMA=0 CMA-Desc=1114112 Pinned=5463040. memory to edge layer usage factor is 0.6681277
[2026-09-16 11:36:25.156] [2749] [HailoRT] [info] [internal_buffer_manager.cpp:86] [print_execution_results] Default Internal buffer planner executed successfully
[2026-09-16 11:36:25.187] [2749] [HailoRT] [info] [device_internal.cpp:57] [configure] Configuring HEF took 41.037918 milliseconds
[2026-09-16 11:36:25.187] [2749] [HailoRT] [info] [vdevice.cpp:780] [configure] Configuring HEF on VDevice took 41.627012 milliseconds
[2026-09-16 11:36:25.187] [2749] [HailoRT] [info] [hef.cpp:1994] [get_network_group_and_network_name] No name was given. Addressing all networks of default network_group: yolo26s_cam123_best
[2026-09-16 11:36:25.191] [2749] [HailoRT] [info] [edge_elements.cpp:52] [create] Created (HwWriteEl5yolo26s_cam123_best/input_layer1 | hw_frame_size: 1228800)
[2026-09-16 11:36:25.192] [2749] [HailoRT] [info] [vstream.cpp:754] [InputVStreamImpl] Creating yolo26s_cam123_best/input_layer1...
[2026-09-16 11:36:25.192] [2749] [HailoRT] [info] [vstream_builder.cpp:102] [create_inputs] Input pipeline 'yolo26s_cam123_best/input_layer1': (HwWriteEl5yolo26s_cam123_best/input_layer1 | hw_frame_size: 1228800) >> HW
[2026-09-16 11:36:25.192] [2749] [HailoRT] [info] [edge_elements.cpp:287] [create] Created (HwReadEl4yolo26s_cam123_best/nms1 | hw_frame_size: 5668)
[2026-09-16 11:36:25.192] [2749] [HailoRT] [info] [queue_elements.cpp:657] [create] Created (PullQEl_hw_read4yolo26s_cam123_best/nms1)
[2026-09-16 11:36:25.192] [2749] [HailoRT] [info] [filter_elements.cpp:372] [create] Created (PostInferEl4yolo26s_cam123_best/nms1 | number_of_classes: 6, max_bboxes_per_class: 100 | Quantization - src_type: UINT16, dst_type FLOAT32, limvals_min: 0, limvals_max: 9.24)
[2026-09-16 11:36:25.193] [2749] [HailoRT] [info] [queue_elements.cpp:800] [create] Created (UserBuffQEl4yolo26s_cam123_best/nms1 | timeout: 10s)
[2026-09-16 11:36:25.194] [2749] [HailoRT] [info] [vstream.cpp:1114] [OutputVStreamImpl] Creating yolo26s_cam123_best/nms1...
[2026-09-16 11:36:25.194] [2749] [HailoRT] [info] [vstream_builder.cpp:220] [create_outputs] Output pipeline 'yolo26s_cam123_best/nms1': HW >> (HwReadEl4yolo26s_cam123_best/nms1 | hw_frame_size: 5668) >> (PullQEl_hw_read4yolo26s_cam123_best/nms1) >> (PostInferEl4yolo26s_cam123_best/nms1 | number_of_classes: 6, max_bboxes_per_class: 100 | Quantization - src_type: UINT16, dst_type FLOAT32, limvals_min: 0, limvals_max: 9.24) >> (UserBuffQEl4yolo26s_cam123_best/nms1 | timeout: 10s)
[2026-09-16 11:36:25.194] [2749] [HailoRT] [info] [core_op.cpp:156] [activate] Activating yolo26s_cam123_best took 0.419481 milliseconds. Note that the function is asynchronous and thus the network is not fully activated yet.
[2026-09-16 11:36:25.194] [2749] [HailoRT] [info] [core_op.cpp:156] [activate] Activating yolo26s_cam123_best took 0.427259 milliseconds. Note that the function is asynchronous and thus the network is not fully activated yet.
[2026-09-16 11:44:57.025] [7125] [HailoRT] [info] [vdevice.cpp:535] [create] Creating vdevice with params: device_count: 1, scheduling_algorithm: NONE, multi_process_service: false
[2026-09-16 11:44:57.036] [7125] [HailoRT] [info] [device.cpp:51] [Device] OS Version: Linux 6.18.39+rpt-rpi-2712 #1 SMP PREEMPT Debian 1:6.18.39-1+rpt1 (2026-07-29) aarch64
[2026-09-16 11:44:57.036] [7125] [HailoRT] [info] [control.cpp:113] [control__parse_identify_results] firmware_version is: 4.23.0
[2026-09-16 11:44:57.036] [7125] [HailoRT] [info] [vdevice.cpp:682] [create] VDevice Infos: 0001:01:00.0
[2026-09-16 11:44:57.043] [7125] [HailoRT] [info] [internal_buffer_manager.cpp:77] [print_execution_results] Planned internal buffer memory: CMA=0 CMA-Desc=1114112 Pinned=5463040. memory to edge layer usage factor is 0.6681277
[2026-09-16 11:44:57.043] [7125] [HailoRT] [info] [internal_buffer_manager.cpp:86] [print_execution_results] Default Internal buffer planner executed successfully
[2026-09-16 11:44:57.083] [7125] [HailoRT] [info] [device_internal.cpp:57] [configure] Configuring HEF took 46.727124 milliseconds
[2026-09-16 11:44:57.083] [7125] [HailoRT] [info] [vdevice.cpp:780] [configure] Configuring HEF on VDevice took 46.965456 milliseconds
[2026-09-16 11:44:57.083] [7125] [HailoRT] [info] [hef.cpp:1994] [get_network_group_and_network_name] No name was given. Addressing all networks of default network_group: yolo26s_cam123_best
[2026-09-16 11:44:57.083] [7125] [HailoRT] [info] [edge_elements.cpp:52] [create] Created (HwWriteEl5yolo26s_cam123_best/input_layer1 | hw_frame_size: 1228800)
[2026-09-16 11:44:57.083] [7125] [HailoRT] [info] [vstream.cpp:754] [InputVStreamImpl] Creating yolo26s_cam123_best/input_layer1...
[2026-09-16 11:44:57.083] [7125] [HailoRT] [info] [vstream_builder.cpp:102] [create_inputs] Input pipeline 'yolo26s_cam123_best/input_layer1': (HwWriteEl5yolo26s_cam123_best/input_layer1 | hw_frame_size: 1228800) >> HW
[2026-09-16 11:44:57.083] [7125] [HailoRT] [info] [edge_elements.cpp:287] [create] Created (HwReadEl4yolo26s_cam123_best/nms1 | hw_frame_size: 5668)
[2026-09-16 11:44:57.083] [7125] [HailoRT] [info] [queue_elements.cpp:657] [create] Created (PullQEl_hw_read4yolo26s_cam123_best/nms1)
[2026-09-16 11:44:57.084] [7125] [HailoRT] [info] [filter_elements.cpp:372] [create] Created (PostInferEl4yolo26s_cam123_best/nms1 | number_of_classes: 6, max_bboxes_per_class: 100 | Quantization - src_type: UINT16, dst_type FLOAT32, limvals_min: 0, limvals_max: 9.24)
[2026-09-16 11:44:57.084] [7125] [HailoRT] [info] [queue_elements.cpp:800] [create] Created (UserBuffQEl4yolo26s_cam123_best/nms1 | timeout: 10s)
[2026-09-16 11:44:57.084] [7125] [HailoRT] [info] [vstream.cpp:1114] [OutputVStreamImpl] Creating yolo26s_cam123_best/nms1...
[2026-09-16 11:44:57.084] [7125] [HailoRT] [info] [vstream_builder.cpp:220] [create_outputs] Output pipeline 'yolo26s_cam123_best/nms1': HW >> (HwReadEl4yolo26s_cam123_best/nms1 | hw_frame_size: 5668) >> (PullQEl_hw_read4yolo26s_cam123_best/nms1) >> (PostInferEl4yolo26s_cam123_best/nms1 | number_of_classes: 6, max_bboxes_per_class: 100 | Quantization - src_type: UINT16, dst_type FLOAT32, limvals_min: 0, limvals_max: 9.24) >> (UserBuffQEl4yolo26s_cam123_best/nms1 | timeout: 10s)
[2026-09-16 11:44:57.084] [7125] [HailoRT] [info] [core_op.cpp:156] [activate] Activating yolo26s_cam123_best took 0.412036 milliseconds. Note that the function is asynchronous and thus the network is not fully activated yet.
[2026-09-16 11:44:57.084] [7125] [HailoRT] [info] [core_op.cpp:156] [activate] Activating yolo26s_cam123_best took 0.419907 milliseconds. Note that the function is asynchronous and thus the network is not fully activated yet.
[2026-09-16 12:23:07.083] [21431] [HailoRT] [info] [vdevice.cpp:535] [create] Creating vdevice with params: device_count: 1, scheduling_algorithm: NONE, multi_process_service: false
[2026-09-16 12:23:07.095] [21431] [HailoRT] [info] [device.cpp:51] [Device] OS Version: Linux 6.18.39+rpt-rpi-2712 #1 SMP PREEMPT Debian 1:6.18.39-1+rpt1 (2026-07-29) aarch64
[2026-09-16 12:23:07.096] [21431] [HailoRT] [info] [control.cpp:113] [control__parse_identify_results] firmware_version is: 4.23.0
[2026-09-16 12:23:07.096] [21431] [HailoRT] [info] [vdevice.cpp:682] [create] VDevice Infos: 0001:01:00.0
[2026-09-16 12:23:07.102] [21431] [HailoRT] [info] [internal_buffer_manager.cpp:77] [print_execution_results] Planned internal buffer memory: CMA=0 CMA-Desc=1114112 Pinned=5463040. memory to edge layer usage factor is 0.6681277
[2026-09-16 12:23:07.102] [21431] [HailoRT] [info] [internal_buffer_manager.cpp:86] [print_execution_results] Default Internal buffer planner executed successfully
[2026-09-16 12:23:07.134] [21431] [HailoRT] [info] [device_internal.cpp:57] [configure] Configuring HEF took 38.53334 milliseconds
[2026-09-16 12:23:07.134] [21431] [HailoRT] [info] [vdevice.cpp:780] [configure] Configuring HEF on VDevice took 38.771953 milliseconds
[2026-09-16 12:23:07.135] [21431] [HailoRT] [info] [hef.cpp:1994] [get_network_group_and_network_name] No name was given. Addressing all networks of default network_group: yolo26s_cam123_best
[2026-09-16 12:23:07.135] [21431] [HailoRT] [info] [edge_elements.cpp:52] [create] Created (HwWriteEl5yolo26s_cam123_best/input_layer1 | hw_frame_size: 1228800)
[2026-09-16 12:23:07.135] [21431] [HailoRT] [info] [vstream.cpp:754] [InputVStreamImpl] Creating yolo26s_cam123_best/input_layer1...
[2026-09-16 12:23:07.135] [21431] [HailoRT] [info] [vstream_builder.cpp:102] [create_inputs] Input pipeline 'yolo26s_cam123_best/input_layer1': (HwWriteEl5yolo26s_cam123_best/input_layer1 | hw_frame_size: 1228800) >> HW
[2026-09-16 12:23:07.135] [21431] [HailoRT] [info] [edge_elements.cpp:287] [create] Created (HwReadEl4yolo26s_cam123_best/nms1 | hw_frame_size: 5668)
[2026-09-16 12:23:07.135] [21431] [HailoRT] [info] [queue_elements.cpp:657] [create] Created (PullQEl_hw_read4yolo26s_cam123_best/nms1)
[2026-09-16 12:23:07.135] [21431] [HailoRT] [info] [filter_elements.cpp:372] [create] Created (PostInferEl4yolo26s_cam123_best/nms1 | number_of_classes: 6, max_bboxes_per_class: 100 | Quantization - src_type: UINT16, dst_type FLOAT32, limvals_min: 0, limvals_max: 9.24)
[2026-09-16 12:23:07.135] [21431] [HailoRT] [info] [queue_elements.cpp:800] [create] Created (UserBuffQEl4yolo26s_cam123_best/nms1 | timeout: 10s)
[2026-09-16 12:23:07.135] [21431] [HailoRT] [info] [vstream.cpp:1114] [OutputVStreamImpl] Creating yolo26s_cam123_best/nms1...
[2026-09-16 12:23:07.135] [21431] [HailoRT] [info] [vstream_builder.cpp:220] [create_outputs] Output pipeline 'yolo26s_cam123_best/nms1': HW >> (HwReadEl4yolo26s_cam123_best/nms1 | hw_frame_size: 5668) >> (PullQEl_hw_read4yolo26s_cam123_best/nms1) >> (PostInferEl4yolo26s_cam123_best/nms1 | number_of_classes: 6, max_bboxes_per_class: 100 | Quantization - src_type: UINT16, dst_type FLOAT32, limvals_min: 0, limvals_max: 9.24) >> (UserBuffQEl4yolo26s_cam123_best/nms1 | timeout: 10s)
[2026-09-16 12:23:07.135] [21431] [HailoRT] [info] [core_op.cpp:156] [activate] Activating yolo26s_cam123_best took 0.46843 milliseconds. Note that the function is asynchronous and thus the network is not fully activated yet.
[2026-09-16 12:23:07.135] [21431] [HailoRT] [info] [core_op.cpp:156] [activate] Activating yolo26s_cam123_best took 0.493542 milliseconds. Note that the function is asynchronous and thus the network is not fully activated yet.
[2026-09-16 17:15:52.961] [27137] [HailoRT] [info] [vdevice.cpp:535] [create] Creating vdevice with params: device_count: 1, scheduling_algorithm: ROUND_ROBIN, multi_process_service: false
[2026-09-16 17:15:52.972] [27137] [HailoRT] [info] [device.cpp:51] [Device] OS Version: Linux 6.18.39+rpt-rpi-2712 #1 SMP PREEMPT Debian 1:6.18.39-1+rpt1 (2026-07-29) aarch64
[2026-09-16 17:15:52.972] [27137] [HailoRT] [info] [control.cpp:113] [control__parse_identify_results] firmware_version is: 4.23.0
[2026-09-16 17:15:52.972] [27137] [HailoRT] [info] [vdevice.cpp:682] [create] VDevice Infos: 0001:01:00.0
[2026-09-16 17:15:52.987] [27137] [HailoRT] [info] [internal_buffer_manager.cpp:77] [print_execution_results] Planned internal buffer memory: CMA=0 CMA-Desc=1114112 Pinned=5463040. memory to edge layer usage factor is 0.6681277
[2026-09-16 17:15:52.987] [27137] [HailoRT] [info] [internal_buffer_manager.cpp:86] [print_execution_results] Default Internal buffer planner executed successfully
[2026-09-16 17:15:53.020] [27137] [HailoRT] [info] [device_internal.cpp:57] [configure] Configuring HEF took 39.939314 milliseconds
[2026-09-16 17:15:53.026] [27137] [HailoRT] [info] [vdevice.cpp:780] [configure] Configuring HEF on VDevice took 46.069011 milliseconds
[2026-09-16 17:15:53.026] [27137] [HailoRT] [info] [hef.cpp:1994] [get_network_group_and_network_name] No name was given. Addressing all networks of default network_group: yolo26s_cam123_best
[2026-09-16 17:15:53.029] [27137] [HailoRT] [info] [internal_buffer_manager.cpp:75] [print_execution_results] Default Internal buffer planner failed to meet requirements
[2026-09-16 17:15:53.029] [27137] [HailoRT] [info] [internal_buffer_manager.cpp:86] [print_execution_results] Default Internal buffer planner executed successfully
[2026-09-16 17:15:53.038] [27137] [HailoRT] [info] [device_internal.cpp:57] [configure] Configuring HEF took 9.149979 milliseconds
[2026-09-16 17:15:53.041] [27137] [HailoRT] [info] [vdevice.cpp:780] [configure] Configuring HEF on VDevice took 12.349023 milliseconds
[2026-09-16 17:15:53.041] [27137] [HailoRT] [info] [hef.cpp:1994] [get_network_group_and_network_name] No name was given. Addressing all networks of default network_group: repvgg_a0_person_reid_512
[2026-09-16 17:15:53.041] [27137] [HailoRT] [info] [edge_elements.cpp:52] [create] Created (HwWriteEl5yolo26s_cam123_best/input_layer1 | hw_frame_size: 1228800)
[2026-09-16 17:15:53.041] [27137] [HailoRT] [info] [vstream.cpp:754] [InputVStreamImpl] Creating yolo26s_cam123_best/input_layer1...
[2026-09-16 17:15:53.041] [27137] [HailoRT] [info] [vstream_builder.cpp:102] [create_inputs] Input pipeline 'yolo26s_cam123_best/input_layer1': (HwWriteEl5yolo26s_cam123_best/input_layer1 | hw_frame_size: 1228800) >> HW
[2026-09-16 17:15:53.041] [27137] [HailoRT] [info] [edge_elements.cpp:287] [create] Created (HwReadEl4yolo26s_cam123_best/nms1 | hw_frame_size: 5668)
[2026-09-16 17:15:53.041] [27137] [HailoRT] [info] [queue_elements.cpp:657] [create] Created (PullQEl_hw_read4yolo26s_cam123_best/nms1)
[2026-09-16 17:15:53.041] [27137] [HailoRT] [info] [filter_elements.cpp:372] [create] Created (PostInferEl4yolo26s_cam123_best/nms1 | number_of_classes: 6, max_bboxes_per_class: 100 | Quantization - src_type: UINT16, dst_type FLOAT32, limvals_min: 0, limvals_max: 9.24)
[2026-09-16 17:15:53.042] [27137] [HailoRT] [info] [queue_elements.cpp:800] [create] Created (UserBuffQEl4yolo26s_cam123_best/nms1 | timeout: 10s)
[2026-09-16 17:15:53.042] [27137] [HailoRT] [info] [vstream.cpp:1114] [OutputVStreamImpl] Creating yolo26s_cam123_best/nms1...
[2026-09-16 17:15:53.042] [27137] [HailoRT] [info] [vstream_builder.cpp:220] [create_outputs] Output pipeline 'yolo26s_cam123_best/nms1': HW >> (HwReadEl4yolo26s_cam123_best/nms1 | hw_frame_size: 5668) >> (PullQEl_hw_read4yolo26s_cam123_best/nms1) >> (PostInferEl4yolo26s_cam123_best/nms1 | number_of_classes: 6, max_bboxes_per_class: 100 | Quantization - src_type: UINT16, dst_type FLOAT32, limvals_min: 0, limvals_max: 9.24) >> (UserBuffQEl4yolo26s_cam123_best/nms1 | timeout: 10s)
[2026-09-16 17:15:53.042] [27137] [HailoRT] [info] [edge_elements.cpp:52] [create] Created (HwWriteEl1repvgg_a0_person_reid_512/input_layer1 | hw_frame_size: 98304)
[2026-09-16 17:15:53.042] [27137] [HailoRT] [info] [vstream.cpp:754] [InputVStreamImpl] Creating repvgg_a0_person_reid_512/input_layer1...
[2026-09-16 17:15:53.042] [27137] [HailoRT] [info] [vstream_builder.cpp:102] [create_inputs] Input pipeline 'repvgg_a0_person_reid_512/input_layer1': (HwWriteEl1repvgg_a0_person_reid_512/input_layer1 | hw_frame_size: 98304) >> HW
[2026-09-16 17:15:53.042] [27137] [HailoRT] [info] [edge_elements.cpp:287] [create] Created (HwReadEl0repvgg_a0_person_reid_512/fc1 | hw_frame_size: 512)
[2026-09-16 17:15:53.042] [27137] [HailoRT] [info] [queue_elements.cpp:657] [create] Created (PullQEl_hw_read0repvgg_a0_person_reid_512/fc1)
[2026-09-16 17:15:53.042] [27137] [HailoRT] [info] [filter_elements.cpp:372] [create] Created (PostInferEl0repvgg_a0_person_reid_512/fc1 | Quantization - src_type: UINT8, dst_type FLOAT32, limvals_min: -15.5807, limvals_max: 12.7984)
[2026-09-16 17:15:53.042] [27137] [HailoRT] [info] [queue_elements.cpp:800] [create] Created (UserBuffQEl0repvgg_a0_person_reid_512/fc1 | timeout: 10s)
[2026-09-16 17:15:53.042] [27137] [HailoRT] [info] [vstream.cpp:1114] [OutputVStreamImpl] Creating repvgg_a0_person_reid_512/fc1...
[2026-09-16 17:15:53.042] [27137] [HailoRT] [info] [vstream_builder.cpp:220] [create_outputs] Output pipeline 'repvgg_a0_person_reid_512/fc1': HW >> (HwReadEl0repvgg_a0_person_reid_512/fc1 | hw_frame_size: 512) >> (PullQEl_hw_read0repvgg_a0_person_reid_512/fc1) >> (PostInferEl0repvgg_a0_person_reid_512/fc1 | Quantization - src_type: UINT8, dst_type FLOAT32, limvals_min: -15.5807, limvals_max: 12.7984) >> (UserBuffQEl0repvgg_a0_person_reid_512/fc1 | timeout: 10s)
[2026-09-16 17:22:27.565] [37893] [HailoRT] [info] [vdevice.cpp:535] [create] Creating vdevice with params: device_count: 1, scheduling_algorithm: ROUND_ROBIN, multi_process_service: false
[2026-09-16 17:22:27.576] [37893] [HailoRT] [info] [device.cpp:51] [Device] OS Version: Linux 6.18.39+rpt-rpi-2712 #1 SMP PREEMPT Debian 1:6.18.39-1+rpt1 (2026-07-29) aarch64
[2026-09-16 17:22:27.576] [37893] [HailoRT] [info] [control.cpp:113] [control__parse_identify_results] firmware_version is: 4.23.0
[2026-09-16 17:22:27.576] [37893] [HailoRT] [info] [vdevice.cpp:682] [create] VDevice Infos: 0001:01:00.0
[2026-09-16 17:22:27.589] [37893] [HailoRT] [info] [internal_buffer_manager.cpp:77] [print_execution_results] Planned internal buffer memory: CMA=0 CMA-Desc=1114112 Pinned=5463040. memory to edge layer usage factor is 0.6681277
[2026-09-16 17:22:27.589] [37893] [HailoRT] [info] [internal_buffer_manager.cpp:86] [print_execution_results] Default Internal buffer planner executed successfully
[2026-09-16 17:22:27.626] [37893] [HailoRT] [info] [device_internal.cpp:57] [configure] Configuring HEF took 42.95139 milliseconds
[2026-09-16 17:22:27.631] [37893] [HailoRT] [info] [vdevice.cpp:780] [configure] Configuring HEF on VDevice took 48.268164 milliseconds
[2026-09-16 17:22:27.631] [37893] [HailoRT] [info] [hef.cpp:1994] [get_network_group_and_network_name] No name was given. Addressing all networks of default network_group: yolo26s_cam123_best
[2026-09-16 17:22:27.634] [37893] [HailoRT] [info] [internal_buffer_manager.cpp:75] [print_execution_results] Default Internal buffer planner failed to meet requirements
[2026-09-16 17:22:27.634] [37893] [HailoRT] [info] [internal_buffer_manager.cpp:86] [print_execution_results] Default Internal buffer planner executed successfully
[2026-09-16 17:22:27.642] [37893] [HailoRT] [info] [device_internal.cpp:57] [configure] Configuring HEF took 8.710519 milliseconds
[2026-09-16 17:22:27.646] [37893] [HailoRT] [info] [vdevice.cpp:780] [configure] Configuring HEF on VDevice took 12.018411 milliseconds
[2026-09-16 17:22:27.646] [37893] [HailoRT] [info] [hef.cpp:1994] [get_network_group_and_network_name] No name was given. Addressing all networks of default network_group: repvgg_a0_person_reid_512
[2026-09-16 17:22:27.646] [37893] [HailoRT] [info] [edge_elements.cpp:52] [create] Created (HwWriteEl5yolo26s_cam123_best/input_layer1 | hw_frame_size: 1228800)
[2026-09-16 17:22:27.646] [37893] [HailoRT] [info] [vstream.cpp:754] [InputVStreamImpl] Creating yolo26s_cam123_best/input_layer1...
[2026-09-16 17:22:27.646] [37893] [HailoRT] [info] [vstream_builder.cpp:102] [create_inputs] Input pipeline 'yolo26s_cam123_best/input_layer1': (HwWriteEl5yolo26s_cam123_best/input_layer1 | hw_frame_size: 1228800) >> HW
[2026-09-16 17:22:27.646] [37893] [HailoRT] [info] [edge_elements.cpp:287] [create] Created (HwReadEl4yolo26s_cam123_best/nms1 | hw_frame_size: 5668)
[2026-09-16 17:22:27.646] [37893] [HailoRT] [info] [queue_elements.cpp:657] [create] Created (PullQEl_hw_read4yolo26s_cam123_best/nms1)
[2026-09-16 17:22:27.646] [37893] [HailoRT] [info] [filter_elements.cpp:372] [create] Created (PostInferEl4yolo26s_cam123_best/nms1 | number_of_classes: 6, max_bboxes_per_class: 100 | Quantization - src_type: UINT16, dst_type FLOAT32, limvals_min: 0, limvals_max: 9.24)
[2026-09-16 17:22:27.646] [37893] [HailoRT] [info] [queue_elements.cpp:800] [create] Created (UserBuffQEl4yolo26s_cam123_best/nms1 | timeout: 10s)
[2026-09-16 17:22:27.646] [37893] [HailoRT] [info] [vstream.cpp:1114] [OutputVStreamImpl] Creating yolo26s_cam123_best/nms1...
[2026-09-16 17:22:27.646] [37893] [HailoRT] [info] [vstream_builder.cpp:220] [create_outputs] Output pipeline 'yolo26s_cam123_best/nms1': HW >> (HwReadEl4yolo26s_cam123_best/nms1 | hw_frame_size: 5668) >> (PullQEl_hw_read4yolo26s_cam123_best/nms1) >> (PostInferEl4yolo26s_cam123_best/nms1 | number_of_classes: 6, max_bboxes_per_class: 100 | Quantization - src_type: UINT16, dst_type FLOAT32, limvals_min: 0, limvals_max: 9.24) >> (UserBuffQEl4yolo26s_cam123_best/nms1 | timeout: 10s)
[2026-09-16 17:22:27.646] [37893] [HailoRT] [info] [edge_elements.cpp:52] [create] Created (HwWriteEl1repvgg_a0_person_reid_512/input_layer1 | hw_frame_size: 98304)
[2026-09-16 17:22:27.646] [37893] [HailoRT] [info] [vstream.cpp:754] [InputVStreamImpl] Creating repvgg_a0_person_reid_512/input_layer1...
[2026-09-16 17:22:27.646] [37893] [HailoRT] [info] [vstream_builder.cpp:102] [create_inputs] Input pipeline 'repvgg_a0_person_reid_512/input_layer1': (HwWriteEl1repvgg_a0_person_reid_512/input_layer1 | hw_frame_size: 98304) >> HW
[2026-09-16 17:22:27.646] [37893] [HailoRT] [info] [edge_elements.cpp:287] [create] Created (HwReadEl0repvgg_a0_person_reid_512/fc1 | hw_frame_size: 512)
[2026-09-16 17:22:27.646] [37893] [HailoRT] [info] [queue_elements.cpp:657] [create] Created (PullQEl_hw_read0repvgg_a0_person_reid_512/fc1)
[2026-09-16 17:22:27.646] [37893] [HailoRT] [info] [filter_elements.cpp:372] [create] Created (PostInferEl0repvgg_a0_person_reid_512/fc1 | Quantization - src_type: UINT8, dst_type FLOAT32, limvals_min: -15.5807, limvals_max: 12.7984)
[2026-09-16 17:22:27.647] [37893] [HailoRT] [info] [queue_elements.cpp:800] [create] Created (UserBuffQEl0repvgg_a0_person_reid_512/fc1 | timeout: 10s)
[2026-09-16 17:22:27.647] [37893] [HailoRT] [info] [vstream.cpp:1114] [OutputVStreamImpl] Creating repvgg_a0_person_reid_512/fc1...
[2026-09-16 17:22:27.647] [37893] [HailoRT] [info] [vstream_builder.cpp:220] [create_outputs] Output pipeline 'repvgg_a0_person_reid_512/fc1': HW >> (HwReadEl0repvgg_a0_person_reid_512/fc1 | hw_frame_size: 512) >> (PullQEl_hw_read0repvgg_a0_person_reid_512/fc1) >> (PostInferEl0repvgg_a0_person_reid_512/fc1 | Quantization - src_type: UINT8, dst_type FLOAT32, limvals_min: -15.5807, limvals_max: 12.7984) >> (UserBuffQEl0repvgg_a0_person_reid_512/fc1 | timeout: 10s)
[2026-09-16 17:39:53.814] [42821] [HailoRT] [info] [vdevice.cpp:535] [create] Creating vdevice with params: device_count: 1, scheduling_algorithm: ROUND_ROBIN, multi_process_service: false
[2026-09-16 17:39:53.826] [42821] [HailoRT] [info] [device.cpp:51] [Device] OS Version: Linux 6.18.39+rpt-rpi-2712 #1 SMP PREEMPT Debian 1:6.18.39-1+rpt1 (2026-07-29) aarch64
[2026-09-16 17:39:53.827] [42821] [HailoRT] [info] [control.cpp:113] [control__parse_identify_results] firmware_version is: 4.23.0
[2026-09-16 17:39:53.827] [42821] [HailoRT] [info] [vdevice.cpp:682] [create] VDevice Infos: 0001:01:00.0
[2026-09-16 17:39:53.840] [42821] [HailoRT] [info] [internal_buffer_manager.cpp:77] [print_execution_results] Planned internal buffer memory: CMA=0 CMA-Desc=1114112 Pinned=5463040. memory to edge layer usage factor is 0.6681277
[2026-09-16 17:39:53.840] [42821] [HailoRT] [info] [internal_buffer_manager.cpp:86] [print_execution_results] Default Internal buffer planner executed successfully
[2026-09-16 17:39:53.869] [42821] [HailoRT] [info] [device_internal.cpp:57] [configure] Configuring HEF took 35.625794 milliseconds
[2026-09-16 17:39:53.874] [42821] [HailoRT] [info] [vdevice.cpp:780] [configure] Configuring HEF on VDevice took 40.853659 milliseconds
[2026-09-16 17:39:53.874] [42821] [HailoRT] [info] [hef.cpp:1994] [get_network_group_and_network_name] No name was given. Addressing all networks of default network_group: yolo26s_cam123_best
[2026-09-16 17:39:53.877] [42821] [HailoRT] [info] [internal_buffer_manager.cpp:75] [print_execution_results] Default Internal buffer planner failed to meet requirements
[2026-09-16 17:39:53.877] [42821] [HailoRT] [info] [internal_buffer_manager.cpp:86] [print_execution_results] Default Internal buffer planner executed successfully
[2026-09-16 17:39:53.885] [42821] [HailoRT] [info] [device_internal.cpp:57] [configure] Configuring HEF took 8.236743 milliseconds
[2026-09-16 17:39:53.888] [42821] [HailoRT] [info] [vdevice.cpp:780] [configure] Configuring HEF on VDevice took 11.371787 milliseconds
[2026-09-16 17:39:53.888] [42821] [HailoRT] [info] [hef.cpp:1994] [get_network_group_and_network_name] No name was given. Addressing all networks of default network_group: repvgg_a0_person_reid_512
[2026-09-16 17:39:53.888] [42821] [HailoRT] [info] [edge_elements.cpp:52] [create] Created (HwWriteEl5yolo26s_cam123_best/input_layer1 | hw_frame_size: 1228800)
[2026-09-16 17:39:53.888] [42821] [HailoRT] [info] [vstream.cpp:754] [InputVStreamImpl] Creating yolo26s_cam123_best/input_layer1...
[2026-09-16 17:39:53.888] [42821] [HailoRT] [info] [vstream_builder.cpp:102] [create_inputs] Input pipeline 'yolo26s_cam123_best/input_layer1': (HwWriteEl5yolo26s_cam123_best/input_layer1 | hw_frame_size: 1228800) >> HW
[2026-09-16 17:39:53.888] [42821] [HailoRT] [info] [edge_elements.cpp:287] [create] Created (HwReadEl4yolo26s_cam123_best/nms1 | hw_frame_size: 5668)
[2026-09-16 17:39:53.889] [42821] [HailoRT] [info] [queue_elements.cpp:657] [create] Created (PullQEl_hw_read4yolo26s_cam123_best/nms1)
[2026-09-16 17:39:53.889] [42821] [HailoRT] [info] [filter_elements.cpp:372] [create] Created (PostInferEl4yolo26s_cam123_best/nms1 | number_of_classes: 6, max_bboxes_per_class: 100 | Quantization - src_type: UINT16, dst_type FLOAT32, limvals_min: 0, limvals_max: 9.24)
[2026-09-16 17:39:53.889] [42821] [HailoRT] [info] [queue_elements.cpp:800] [create] Created (UserBuffQEl4yolo26s_cam123_best/nms1 | timeout: 10s)
[2026-09-16 17:39:53.889] [42821] [HailoRT] [info] [vstream.cpp:1114] [OutputVStreamImpl] Creating yolo26s_cam123_best/nms1...
[2026-09-16 17:39:53.889] [42821] [HailoRT] [info] [vstream_builder.cpp:220] [create_outputs] Output pipeline 'yolo26s_cam123_best/nms1': HW >> (HwReadEl4yolo26s_cam123_best/nms1 | hw_frame_size: 5668) >> (PullQEl_hw_read4yolo26s_cam123_best/nms1) >> (PostInferEl4yolo26s_cam123_best/nms1 | number_of_classes: 6, max_bboxes_per_class: 100 | Quantization - src_type: UINT16, dst_type FLOAT32, limvals_min: 0, limvals_max: 9.24) >> (UserBuffQEl4yolo26s_cam123_best/nms1 | timeout: 10s)
[2026-09-16 17:39:53.889] [42821] [HailoRT] [info] [edge_elements.cpp:52] [create] Created (HwWriteEl1repvgg_a0_person_reid_512/input_layer1 | hw_frame_size: 98304)
[2026-09-16 17:39:53.889] [42821] [HailoRT] [info] [vstream.cpp:754] [InputVStreamImpl] Creating repvgg_a0_person_reid_512/input_layer1...
[2026-09-16 17:39:53.889] [42821] [HailoRT] [info] [vstream_builder.cpp:102] [create_inputs] Input pipeline 'repvgg_a0_person_reid_512/input_layer1': (HwWriteEl1repvgg_a0_person_reid_512/input_layer1 | hw_frame_size: 98304) >> HW
[2026-09-16 17:39:53.889] [42821] [HailoRT] [info] [edge_elements.cpp:287] [create] Created (HwReadEl0repvgg_a0_person_reid_512/fc1 | hw_frame_size: 512)
[2026-09-16 17:39:53.889] [42821] [HailoRT] [info] [queue_elements.cpp:657] [create] Created (PullQEl_hw_read0repvgg_a0_person_reid_512/fc1)
[2026-09-16 17:39:53.889] [42821] [HailoRT] [info] [filter_elements.cpp:372] [create] Created (PostInferEl0repvgg_a0_person_reid_512/fc1 | Quantization - src_type: UINT8, dst_type FLOAT32, limvals_min: -15.5807, limvals_max: 12.7984)
[2026-09-16 17:39:53.889] [42821] [HailoRT] [info] [queue_elements.cpp:800] [create] Created (UserBuffQEl0repvgg_a0_person_reid_512/fc1 | timeout: 10s)
[2026-09-16 17:39:53.889] [42821] [HailoRT] [info] [vstream.cpp:1114] [OutputVStreamImpl] Creating repvgg_a0_person_reid_512/fc1...
[2026-09-16 17:39:53.889] [42821] [HailoRT] [info] [vstream_builder.cpp:220] [create_outputs] Output pipeline 'repvgg_a0_person_reid_512/fc1': HW >> (HwReadEl0repvgg_a0_person_reid_512/fc1 | hw_frame_size: 512) >> (PullQEl_hw_read0repvgg_a0_person_reid_512/fc1) >> (PostInferEl0repvgg_a0_person_reid_512/fc1 | Quantization - src_type: UINT8, dst_type FLOAT32, limvals_min: -15.5807, limvals_max: 12.7984) >> (UserBuffQEl0repvgg_a0_person_reid_512/fc1 | timeout: 10s)
[2026-09-16 17:43:51.842] [48921] [HailoRT] [info] [vdevice.cpp:535] [create] Creating vdevice with params: device_count: 1, scheduling_algorithm: ROUND_ROBIN, multi_process_service: false
[2026-09-16 17:43:51.854] [48921] [HailoRT] [info] [device.cpp:51] [Device] OS Version: Linux 6.18.39+rpt-rpi-2712 #1 SMP PREEMPT Debian 1:6.18.39-1+rpt1 (2026-07-29) aarch64
[2026-09-16 17:43:51.855] [48921] [HailoRT] [info] [control.cpp:113] [control__parse_identify_results] firmware_version is: 4.23.0
[2026-09-16 17:43:51.855] [48921] [HailoRT] [info] [vdevice.cpp:682] [create] VDevice Infos: 0001:01:00.0
[2026-09-16 17:43:51.868] [48921] [HailoRT] [info] [internal_buffer_manager.cpp:77] [print_execution_results] Planned internal buffer memory: CMA=0 CMA-Desc=1114112 Pinned=5463040. memory to edge layer usage factor is 0.6681277
[2026-09-16 17:43:51.868] [48921] [HailoRT] [info] [internal_buffer_manager.cpp:86] [print_execution_results] Default Internal buffer planner executed successfully
[2026-09-16 17:43:51.897] [48921] [HailoRT] [info] [device_internal.cpp:57] [configure] Configuring HEF took 35.204956 milliseconds
[2026-09-16 17:43:51.902] [48921] [HailoRT] [info] [vdevice.cpp:780] [configure] Configuring HEF on VDevice took 40.329897 milliseconds
[2026-09-16 17:43:51.902] [48921] [HailoRT] [info] [hef.cpp:1994] [get_network_group_and_network_name] No name was given. Addressing all networks of default network_group: yolo26s_cam123_best
[2026-09-16 17:43:51.905] [48921] [HailoRT] [info] [internal_buffer_manager.cpp:75] [print_execution_results] Default Internal buffer planner failed to meet requirements
[2026-09-16 17:43:51.905] [48921] [HailoRT] [info] [internal_buffer_manager.cpp:86] [print_execution_results] Default Internal buffer planner executed successfully
[2026-09-16 17:43:51.913] [48921] [HailoRT] [info] [device_internal.cpp:57] [configure] Configuring HEF took 8.444673 milliseconds
[2026-09-16 17:43:51.916] [48921] [HailoRT] [info] [vdevice.cpp:780] [configure] Configuring HEF on VDevice took 11.92222 milliseconds
[2026-09-16 17:43:51.916] [48921] [HailoRT] [info] [hef.cpp:1994] [get_network_group_and_network_name] No name was given. Addressing all networks of default network_group: repvgg_a0_person_reid_512
[2026-09-16 17:43:51.916] [48921] [HailoRT] [info] [edge_elements.cpp:52] [create] Created (HwWriteEl5yolo26s_cam123_best/input_layer1 | hw_frame_size: 1228800)
[2026-09-16 17:43:51.916] [48921] [HailoRT] [info] [vstream.cpp:754] [InputVStreamImpl] Creating yolo26s_cam123_best/input_layer1...
[2026-09-16 17:43:51.916] [48921] [HailoRT] [info] [vstream_builder.cpp:102] [create_inputs] Input pipeline 'yolo26s_cam123_best/input_layer1': (HwWriteEl5yolo26s_cam123_best/input_layer1 | hw_frame_size: 1228800) >> HW
[2026-09-16 17:43:51.916] [48921] [HailoRT] [info] [edge_elements.cpp:287] [create] Created (HwReadEl4yolo26s_cam123_best/nms1 | hw_frame_size: 5668)
[2026-09-16 17:43:51.917] [48921] [HailoRT] [info] [queue_elements.cpp:657] [create] Created (PullQEl_hw_read4yolo26s_cam123_best/nms1)
[2026-09-16 17:43:51.917] [48921] [HailoRT] [info] [filter_elements.cpp:372] [create] Created (PostInferEl4yolo26s_cam123_best/nms1 | number_of_classes: 6, max_bboxes_per_class: 100 | Quantization - src_type: UINT16, dst_type FLOAT32, limvals_min: 0, limvals_max: 9.24)
[2026-09-16 17:43:51.917] [48921] [HailoRT] [info] [queue_elements.cpp:800] [create] Created (UserBuffQEl4yolo26s_cam123_best/nms1 | timeout: 10s)
[2026-09-16 17:43:51.917] [48921] [HailoRT] [info] [vstream.cpp:1114] [OutputVStreamImpl] Creating yolo26s_cam123_best/nms1...
[2026-09-16 17:43:51.917] [48921] [HailoRT] [info] [vstream_builder.cpp:220] [create_outputs] Output pipeline 'yolo26s_cam123_best/nms1': HW >> (HwReadEl4yolo26s_cam123_best/nms1 | hw_frame_size: 5668) >> (PullQEl_hw_read4yolo26s_cam123_best/nms1) >> (PostInferEl4yolo26s_cam123_best/nms1 | number_of_classes: 6, max_bboxes_per_class: 100 | Quantization - src_type: UINT16, dst_type FLOAT32, limvals_min: 0, limvals_max: 9.24) >> (UserBuffQEl4yolo26s_cam123_best/nms1 | timeout: 10s)
[2026-09-16 17:43:51.917] [48921] [HailoRT] [info] [edge_elements.cpp:52] [create] Created (HwWriteEl1repvgg_a0_person_reid_512/input_layer1 | hw_frame_size: 98304)
[2026-09-16 17:43:51.917] [48921] [HailoRT] [info] [vstream.cpp:754] [InputVStreamImpl] Creating repvgg_a0_person_reid_512/input_layer1...
[2026-09-16 17:43:51.917] [48921] [HailoRT] [info] [vstream_builder.cpp:102] [create_inputs] Input pipeline 'repvgg_a0_person_reid_512/input_layer1': (HwWriteEl1repvgg_a0_person_reid_512/input_layer1 | hw_frame_size: 98304) >> HW
[2026-09-16 17:43:51.917] [48921] [HailoRT] [info] [edge_elements.cpp:287] [create] Created (HwReadEl0repvgg_a0_person_reid_512/fc1 | hw_frame_size: 512)
[2026-09-16 17:43:51.917] [48921] [HailoRT] [info] [queue_elements.cpp:657] [create] Created (PullQEl_hw_read0repvgg_a0_person_reid_512/fc1)
[2026-09-16 17:43:51.917] [48921] [HailoRT] [info] [filter_elements.cpp:372] [create] Created (PostInferEl0repvgg_a0_person_reid_512/fc1 | Quantization - src_type: UINT8, dst_type FLOAT32, limvals_min: -15.5807, limvals_max: 12.7984)
[2026-09-16 17:43:51.917] [48921] [HailoRT] [info] [queue_elements.cpp:800] [create] Created (UserBuffQEl0repvgg_a0_person_reid_512/fc1 | timeout: 10s)
[2026-09-16 17:43:51.917] [48921] [HailoRT] [info] [vstream.cpp:1114] [OutputVStreamImpl] Creating repvgg_a0_person_reid_512/fc1...
[2026-09-16 17:43:51.917] [48921] [HailoRT] [info] [vstream_builder.cpp:220] [create_outputs] Output pipeline 'repvgg_a0_person_reid_512/fc1': HW >> (HwReadEl0repvgg_a0_person_reid_512/fc1 | hw_frame_size: 512) >> (PullQEl_hw_read0repvgg_a0_person_reid_512/fc1) >> (PostInferEl0repvgg_a0_person_reid_512/fc1 | Quantization - src_type: UINT8, dst_type FLOAT32, limvals_min: -15.5807, limvals_max: 12.7984) >> (UserBuffQEl0repvgg_a0_person_reid_512/fc1 | timeout: 10s)
[2026-09-16 18:11:31.214] [54285] [HailoRT] [info] [vdevice.cpp:535] [create] Creating vdevice with params: device_count: 1, scheduling_algorithm: ROUND_ROBIN, multi_process_service: false
[2026-09-16 18:11:31.227] [54285] [HailoRT] [info] [device.cpp:51] [Device] OS Version: Linux 6.18.39+rpt-rpi-2712 #1 SMP PREEMPT Debian 1:6.18.39-1+rpt1 (2026-07-29) aarch64
[2026-09-16 18:11:31.227] [54285] [HailoRT] [info] [control.cpp:113] [control__parse_identify_results] firmware_version is: 4.23.0
[2026-09-16 18:11:31.227] [54285] [HailoRT] [info] [vdevice.cpp:682] [create] VDevice Infos: 0001:01:00.0
[2026-09-16 18:11:31.245] [54285] [HailoRT] [info] [internal_buffer_manager.cpp:77] [print_execution_results] Planned internal buffer memory: CMA=0 CMA-Desc=1114112 Pinned=5463040. memory to edge layer usage factor is 0.6681277
[2026-09-16 18:11:31.245] [54285] [HailoRT] [info] [internal_buffer_manager.cpp:86] [print_execution_results] Default Internal buffer planner executed successfully
[2026-09-16 18:11:31.282] [54285] [HailoRT] [info] [device_internal.cpp:57] [configure] Configuring HEF took 43.777864 milliseconds
[2026-09-16 18:11:31.288] [54285] [HailoRT] [info] [vdevice.cpp:780] [configure] Configuring HEF on VDevice took 49.860122 milliseconds
[2026-09-16 18:11:31.288] [54285] [HailoRT] [info] [hef.cpp:1994] [get_network_group_and_network_name] No name was given. Addressing all networks of default network_group: yolo26s_cam123_best
[2026-09-16 18:11:31.292] [54285] [HailoRT] [info] [internal_buffer_manager.cpp:75] [print_execution_results] Default Internal buffer planner failed to meet requirements
[2026-09-16 18:11:31.292] [54285] [HailoRT] [info] [internal_buffer_manager.cpp:86] [print_execution_results] Default Internal buffer planner executed successfully
[2026-09-16 18:11:31.301] [54285] [HailoRT] [info] [device_internal.cpp:57] [configure] Configuring HEF took 9.806547 milliseconds
[2026-09-16 18:11:31.305] [54285] [HailoRT] [info] [vdevice.cpp:780] [configure] Configuring HEF on VDevice took 13.771224 milliseconds
[2026-09-16 18:11:31.305] [54285] [HailoRT] [info] [hef.cpp:1994] [get_network_group_and_network_name] No name was given. Addressing all networks of default network_group: repvgg_a0_person_reid_512
[2026-09-16 18:11:31.305] [54285] [HailoRT] [info] [edge_elements.cpp:52] [create] Created (HwWriteEl5yolo26s_cam123_best/input_layer1 | hw_frame_size: 1228800)
[2026-09-16 18:11:31.305] [54285] [HailoRT] [info] [vstream.cpp:754] [InputVStreamImpl] Creating yolo26s_cam123_best/input_layer1...
[2026-09-16 18:11:31.305] [54285] [HailoRT] [info] [vstream_builder.cpp:102] [create_inputs] Input pipeline 'yolo26s_cam123_best/input_layer1': (HwWriteEl5yolo26s_cam123_best/input_layer1 | hw_frame_size: 1228800) >> HW
[2026-09-16 18:11:31.305] [54285] [HailoRT] [info] [edge_elements.cpp:287] [create] Created (HwReadEl4yolo26s_cam123_best/nms1 | hw_frame_size: 5668)
[2026-09-16 18:11:31.306] [54285] [HailoRT] [info] [queue_elements.cpp:657] [create] Created (PullQEl_hw_read4yolo26s_cam123_best/nms1)
[2026-09-16 18:11:31.306] [54285] [HailoRT] [info] [filter_elements.cpp:372] [create] Created (PostInferEl4yolo26s_cam123_best/nms1 | number_of_classes: 6, max_bboxes_per_class: 100 | Quantization - src_type: UINT16, dst_type FLOAT32, limvals_min: 0, limvals_max: 9.24)
[2026-09-16 18:11:31.306] [54285] [HailoRT] [info] [queue_elements.cpp:800] [create] Created (UserBuffQEl4yolo26s_cam123_best/nms1 | timeout: 10s)
[2026-09-16 18:11:31.306] [54285] [HailoRT] [info] [vstream.cpp:1114] [OutputVStreamImpl] Creating yolo26s_cam123_best/nms1...
[2026-09-16 18:11:31.306] [54285] [HailoRT] [info] [vstream_builder.cpp:220] [create_outputs] Output pipeline 'yolo26s_cam123_best/nms1': HW >> (HwReadEl4yolo26s_cam123_best/nms1 | hw_frame_size: 5668) >> (PullQEl_hw_read4yolo26s_cam123_best/nms1) >> (PostInferEl4yolo26s_cam123_best/nms1 | number_of_classes: 6, max_bboxes_per_class: 100 | Quantization - src_type: UINT16, dst_type FLOAT32, limvals_min: 0, limvals_max: 9.24) >> (UserBuffQEl4yolo26s_cam123_best/nms1 | timeout: 10s)
[2026-09-16 18:11:31.306] [54285] [HailoRT] [info] [edge_elements.cpp:52] [create] Created (HwWriteEl1repvgg_a0_person_reid_512/input_layer1 | hw_frame_size: 98304)
[2026-09-16 18:11:31.306] [54285] [HailoRT] [info] [vstream.cpp:754] [InputVStreamImpl] Creating repvgg_a0_person_reid_512/input_layer1...
[2026-09-16 18:11:31.306] [54285] [HailoRT] [info] [vstream_builder.cpp:102] [create_inputs] Input pipeline 'repvgg_a0_person_reid_512/input_layer1': (HwWriteEl1repvgg_a0_person_reid_512/input_layer1 | hw_frame_size: 98304) >> HW
[2026-09-16 18:11:31.306] [54285] [HailoRT] [info] [edge_elements.cpp:287] [create] Created (HwReadEl0repvgg_a0_person_reid_512/fc1 | hw_frame_size: 512)
[2026-09-16 18:11:31.306] [54285] [HailoRT] [info] [queue_elements.cpp:657] [create] Created (PullQEl_hw_read0repvgg_a0_person_reid_512/fc1)
[2026-09-16 18:11:31.306] [54285] [HailoRT] [info] [filter_elements.cpp:372] [create] Created (PostInferEl0repvgg_a0_person_reid_512/fc1 | Quantization - src_type: UINT8, dst_type FLOAT32, limvals_min: -15.5807, limvals_max: 12.7984)
[2026-09-16 18:11:31.306] [54285] [HailoRT] [info] [queue_elements.cpp:800] [create] Created (UserBuffQEl0repvgg_a0_person_reid_512/fc1 | timeout: 10s)
[2026-09-16 18:11:31.306] [54285] [HailoRT] [info] [vstream.cpp:1114] [OutputVStreamImpl] Creating repvgg_a0_person_reid_512/fc1...
[2026-09-16 18:11:31.306] [54285] [HailoRT] [info] [vstream_builder.cpp:220] [create_outputs] Output pipeline 'repvgg_a0_person_reid_512/fc1': HW >> (HwReadEl0repvgg_a0_person_reid_512/fc1 | hw_frame_size: 512) >> (PullQEl_hw_read0repvgg_a0_person_reid_512/fc1) >> (PostInferEl0repvgg_a0_person_reid_512/fc1 | Quantization - src_type: UINT8, dst_type FLOAT32, limvals_min: -15.5807, limvals_max: 12.7984) >> (UserBuffQEl0repvgg_a0_person_reid_512/fc1 | timeout: 10s)
[2026-09-16 18:13:09.103] [54346] [HailoRT] [info] [edge_elements.cpp:396] [run_pull] Reading from stream was aborted!
[2026-09-16 18:13:09.103] [54347] [HailoRT] [info] [queue_elements.cpp:855] [run_in_thread] Shutdown event was signaled in dequeue of UserBuffQEl0repvgg_a0_person_reid_512/fc1!
[2026-09-16 18:13:09.103] [54346] [HailoRT] [info] [queue_elements.cpp:738] [run_in_thread] run_pull of queue element PullQEl_hw_read0repvgg_a0_person_reid_512/fc1 was aborted!
[2026-09-16 18:13:09.103] [54346] [HailoRT] [info] [queue_elements.cpp:68] [operator()] Thread in element PullQEl_hw_read0repvgg_a0_person_reid_512/fc1 is not running anymore, exiting..
[2026-09-16 18:13:09.103] [54285] [HailoRT] [info] [queue_elements.cpp:46] [~BaseQueueElement] Queue element PullQEl_hw_read0repvgg_a0_person_reid_512/fc1 has 0 frames in his Queue on destruction
[2026-09-16 18:13:09.103] [54347] [HailoRT] [info] [queue_elements.cpp:68] [operator()] Thread in element UserBuffQEl0repvgg_a0_person_reid_512/fc1 is not running anymore, exiting..
[2026-09-16 18:13:09.103] [54285] [HailoRT] [info] [queue_elements.cpp:46] [~BaseQueueElement] Queue element UserBuffQEl0repvgg_a0_person_reid_512/fc1 has 0 frames in his Queue on destruction
[2026-09-16 18:13:09.103] [54345] [HailoRT] [info] [queue_elements.cpp:855] [run_in_thread] Shutdown event was signaled in dequeue of UserBuffQEl4yolo26s_cam123_best/nms1!
[2026-09-16 18:13:09.103] [54344] [HailoRT] [info] [edge_elements.cpp:396] [run_pull] Reading from stream was aborted!
[2026-09-16 18:13:09.103] [54344] [HailoRT] [info] [queue_elements.cpp:738] [run_in_thread] run_pull of queue element PullQEl_hw_read4yolo26s_cam123_best/nms1 was aborted!
[2026-09-16 18:13:09.103] [54344] [HailoRT] [info] [queue_elements.cpp:68] [operator()] Thread in element PullQEl_hw_read4yolo26s_cam123_best/nms1 is not running anymore, exiting..
[2026-09-16 18:13:09.103] [54285] [HailoRT] [info] [queue_elements.cpp:46] [~BaseQueueElement] Queue element PullQEl_hw_read4yolo26s_cam123_best/nms1 has 0 frames in his Queue on destruction
[2026-09-16 18:13:09.103] [54345] [HailoRT] [info] [queue_elements.cpp:68] [operator()] Thread in element UserBuffQEl4yolo26s_cam123_best/nms1 is not running anymore, exiting..
[2026-09-16 18:13:09.103] [54285] [HailoRT] [info] [queue_elements.cpp:46] [~BaseQueueElement] Queue element UserBuffQEl4yolo26s_cam123_best/nms1 has 0 frames in his Queue on destruction
[2026-09-16 18:49:51.144] [62508] [HailoRT] [info] [vdevice.cpp:535] [create] Creating vdevice with params: device_count: 1, scheduling_algorithm: ROUND_ROBIN, multi_process_service: false
[2026-09-16 18:49:51.156] [62508] [HailoRT] [info] [device.cpp:51] [Device] OS Version: Linux 6.18.39+rpt-rpi-2712 #1 SMP PREEMPT Debian 1:6.18.39-1+rpt1 (2026-07-29) aarch64
[2026-09-16 18:49:51.156] [62508] [HailoRT] [info] [control.cpp:113] [control__parse_identify_results] firmware_version is: 4.23.0
[2026-09-16 18:49:51.156] [62508] [HailoRT] [info] [vdevice.cpp:682] [create] VDevice Infos: 0001:01:00.0
[2026-09-16 18:49:51.173] [62508] [HailoRT] [info] [internal_buffer_manager.cpp:77] [print_execution_results] Planned internal buffer memory: CMA=0 CMA-Desc=1114112 Pinned=5463040. memory to edge layer usage factor is 0.6681277
[2026-09-16 18:49:51.173] [62508] [HailoRT] [info] [internal_buffer_manager.cpp:86] [print_execution_results] Default Internal buffer planner executed successfully
[2026-09-16 18:49:51.205] [62508] [HailoRT] [info] [device_internal.cpp:57] [configure] Configuring HEF took 39.469278 milliseconds
[2026-09-16 18:49:51.211] [62508] [HailoRT] [info] [vdevice.cpp:780] [configure] Configuring HEF on VDevice took 45.617984 milliseconds
[2026-09-16 18:49:51.211] [62508] [HailoRT] [info] [hef.cpp:1994] [get_network_group_and_network_name] No name was given. Addressing all networks of default network_group: yolo26s_cam123_best
[2026-09-16 18:49:51.215] [62508] [HailoRT] [info] [internal_buffer_manager.cpp:75] [print_execution_results] Default Internal buffer planner failed to meet requirements
[2026-09-16 18:49:51.215] [62508] [HailoRT] [info] [internal_buffer_manager.cpp:86] [print_execution_results] Default Internal buffer planner executed successfully
[2026-09-16 18:49:51.224] [62508] [HailoRT] [info] [device_internal.cpp:57] [configure] Configuring HEF took 9.392837 milliseconds
[2026-09-16 18:49:51.228] [62508] [HailoRT] [info] [vdevice.cpp:780] [configure] Configuring HEF on VDevice took 13.237765 milliseconds
[2026-09-16 18:49:51.228] [62508] [HailoRT] [info] [hef.cpp:1994] [get_network_group_and_network_name] No name was given. Addressing all networks of default network_group: repvgg_a0_person_reid_512
[2026-09-16 18:49:51.228] [62508] [HailoRT] [info] [edge_elements.cpp:52] [create] Created (HwWriteEl5yolo26s_cam123_best/input_layer1 | hw_frame_size: 1228800)
[2026-09-16 18:49:51.228] [62508] [HailoRT] [info] [vstream.cpp:754] [InputVStreamImpl] Creating yolo26s_cam123_best/input_layer1...
[2026-09-16 18:49:51.228] [62508] [HailoRT] [info] [vstream_builder.cpp:102] [create_inputs] Input pipeline 'yolo26s_cam123_best/input_layer1': (HwWriteEl5yolo26s_cam123_best/input_layer1 | hw_frame_size: 1228800) >> HW
[2026-09-16 18:49:51.228] [62508] [HailoRT] [info] [edge_elements.cpp:287] [create] Created (HwReadEl4yolo26s_cam123_best/nms1 | hw_frame_size: 5668)
[2026-09-16 18:49:51.229] [62508] [HailoRT] [info] [queue_elements.cpp:657] [create] Created (PullQEl_hw_read4yolo26s_cam123_best/nms1)
[2026-09-16 18:49:51.229] [62508] [HailoRT] [info] [filter_elements.cpp:372] [create] Created (PostInferEl4yolo26s_cam123_best/nms1 | number_of_classes: 6, max_bboxes_per_class: 100 | Quantization - src_type: UINT16, dst_type FLOAT32, limvals_min: 0, limvals_max: 9.24)
[2026-09-16 18:49:51.230] [62508] [HailoRT] [info] [queue_elements.cpp:800] [create] Created (UserBuffQEl4yolo26s_cam123_best/nms1 | timeout: 10s)
[2026-09-16 18:49:51.230] [62508] [HailoRT] [info] [vstream.cpp:1114] [OutputVStreamImpl] Creating yolo26s_cam123_best/nms1...
[2026-09-16 18:49:51.230] [62508] [HailoRT] [info] [vstream_builder.cpp:220] [create_outputs] Output pipeline 'yolo26s_cam123_best/nms1': HW >> (HwReadEl4yolo26s_cam123_best/nms1 | hw_frame_size: 5668) >> (PullQEl_hw_read4yolo26s_cam123_best/nms1) >> (PostInferEl4yolo26s_cam123_best/nms1 | number_of_classes: 6, max_bboxes_per_class: 100 | Quantization - src_type: UINT16, dst_type FLOAT32, limvals_min: 0, limvals_max: 9.24) >> (UserBuffQEl4yolo26s_cam123_best/nms1 | timeout: 10s)
[2026-09-16 18:49:51.230] [62508] [HailoRT] [info] [edge_elements.cpp:52] [create] Created (HwWriteEl1repvgg_a0_person_reid_512/input_layer1 | hw_frame_size: 98304)
[2026-09-16 18:49:51.230] [62508] [HailoRT] [info] [vstream.cpp:754] [InputVStreamImpl] Creating repvgg_a0_person_reid_512/input_layer1...
[2026-09-16 18:49:51.230] [62508] [HailoRT] [info] [vstream_builder.cpp:102] [create_inputs] Input pipeline 'repvgg_a0_person_reid_512/input_layer1': (HwWriteEl1repvgg_a0_person_reid_512/input_layer1 | hw_frame_size: 98304) >> HW
[2026-09-16 18:49:51.230] [62508] [HailoRT] [info] [edge_elements.cpp:287] [create] Created (HwReadEl0repvgg_a0_person_reid_512/fc1 | hw_frame_size: 512)
[2026-09-16 18:49:51.230] [62508] [HailoRT] [info] [queue_elements.cpp:657] [create] Created (PullQEl_hw_read0repvgg_a0_person_reid_512/fc1)
[2026-09-16 18:49:51.231] [62508] [HailoRT] [info] [filter_elements.cpp:372] [create] Created (PostInferEl0repvgg_a0_person_reid_512/fc1 | Quantization - src_type: UINT8, dst_type FLOAT32, limvals_min: -15.5807, limvals_max: 12.7984)
[2026-09-16 18:49:51.231] [62508] [HailoRT] [info] [queue_elements.cpp:800] [create] Created (UserBuffQEl0repvgg_a0_person_reid_512/fc1 | timeout: 10s)
[2026-09-16 18:49:51.231] [62508] [HailoRT] [info] [vstream.cpp:1114] [OutputVStreamImpl] Creating repvgg_a0_person_reid_512/fc1...
[2026-09-16 18:49:51.231] [62508] [HailoRT] [info] [vstream_builder.cpp:220] [create_outputs] Output pipeline 'repvgg_a0_person_reid_512/fc1': HW >> (HwReadEl0repvgg_a0_person_reid_512/fc1 | hw_frame_size: 512) >> (PullQEl_hw_read0repvgg_a0_person_reid_512/fc1) >> (PostInferEl0repvgg_a0_person_reid_512/fc1 | Quantization - src_type: UINT8, dst_type FLOAT32, limvals_min: -15.5807, limvals_max: 12.7984) >> (UserBuffQEl0repvgg_a0_person_reid_512/fc1 | timeout: 10s)
[2026-09-16 18:51:19.947] [62611] [HailoRT] [info] [edge_elements.cpp:396] [run_pull] Reading from stream was aborted!
[2026-09-16 18:51:19.947] [62612] [HailoRT] [info] [queue_elements.cpp:855] [run_in_thread] Shutdown event was signaled in dequeue of UserBuffQEl0repvgg_a0_person_reid_512/fc1!
[2026-09-16 18:51:19.947] [62611] [HailoRT] [info] [queue_elements.cpp:738] [run_in_thread] run_pull of queue element PullQEl_hw_read0repvgg_a0_person_reid_512/fc1 was aborted!
[2026-09-16 18:51:19.947] [62611] [HailoRT] [info] [queue_elements.cpp:68] [operator()] Thread in element PullQEl_hw_read0repvgg_a0_person_reid_512/fc1 is not running anymore, exiting..
[2026-09-16 18:51:19.947] [62508] [HailoRT] [info] [queue_elements.cpp:46] [~BaseQueueElement] Queue element PullQEl_hw_read0repvgg_a0_person_reid_512/fc1 has 0 frames in his Queue on destruction
[2026-09-16 18:51:19.947] [62612] [HailoRT] [info] [queue_elements.cpp:68] [operator()] Thread in element UserBuffQEl0repvgg_a0_person_reid_512/fc1 is not running anymore, exiting..
[2026-09-16 18:51:19.947] [62508] [HailoRT] [info] [queue_elements.cpp:46] [~BaseQueueElement] Queue element UserBuffQEl0repvgg_a0_person_reid_512/fc1 has 0 frames in his Queue on destruction
[2026-09-16 18:51:19.947] [62609] [HailoRT] [info] [edge_elements.cpp:396] [run_pull] Reading from stream was aborted!
[2026-09-16 18:51:19.947] [62609] [HailoRT] [info] [queue_elements.cpp:738] [run_in_thread] run_pull of queue element PullQEl_hw_read4yolo26s_cam123_best/nms1 was aborted!
[2026-09-16 18:51:19.947] [62610] [HailoRT] [info] [queue_elements.cpp:855] [run_in_thread] Shutdown event was signaled in dequeue of UserBuffQEl4yolo26s_cam123_best/nms1!
[2026-09-16 18:51:19.947] [62609] [HailoRT] [info] [queue_elements.cpp:68] [operator()] Thread in element PullQEl_hw_read4yolo26s_cam123_best/nms1 is not running anymore, exiting..
[2026-09-16 18:51:19.947] [62508] [HailoRT] [info] [queue_elements.cpp:46] [~BaseQueueElement] Queue element PullQEl_hw_read4yolo26s_cam123_best/nms1 has 0 frames in his Queue on destruction
[2026-09-16 18:51:19.947] [62610] [HailoRT] [info] [queue_elements.cpp:68] [operator()] Thread in element UserBuffQEl4yolo26s_cam123_best/nms1 is not running anymore, exiting..
[2026-09-16 18:51:19.947] [62508] [HailoRT] [info] [queue_elements.cpp:46] [~BaseQueueElement] Queue element UserBuffQEl4yolo26s_cam123_best/nms1 has 0 frames in his Queue on destruction
[2026-09-16 19:28:11.193] [69459] [HailoRT] [info] [vdevice.cpp:535] [create] Creating vdevice with params: device_count: 1, scheduling_algorithm: ROUND_ROBIN, multi_process_service: false
[2026-09-16 19:28:11.204] [69459] [HailoRT] [info] [device.cpp:51] [Device] OS Version: Linux 6.18.39+rpt-rpi-2712 #1 SMP PREEMPT Debian 1:6.18.39-1+rpt1 (2026-07-29) aarch64
[2026-09-16 19:28:11.204] [69459] [HailoRT] [info] [control.cpp:113] [control__parse_identify_results] firmware_version is: 4.23.0
[2026-09-16 19:28:11.204] [69459] [HailoRT] [info] [vdevice.cpp:682] [create] VDevice Infos: 0001:01:00.0
[2026-09-16 19:28:11.221] [69459] [HailoRT] [info] [internal_buffer_manager.cpp:77] [print_execution_results] Planned internal buffer memory: CMA=0 CMA-Desc=1114112 Pinned=5463040. memory to edge layer usage factor is 0.6681277
[2026-09-16 19:28:11.221] [69459] [HailoRT] [info] [internal_buffer_manager.cpp:86] [print_execution_results] Default Internal buffer planner executed successfully
[2026-09-16 19:28:11.261] [69459] [HailoRT] [info] [device_internal.cpp:57] [configure] Configuring HEF took 46.172971 milliseconds
[2026-09-16 19:28:11.268] [69459] [HailoRT] [info] [vdevice.cpp:780] [configure] Configuring HEF on VDevice took 53.609062 milliseconds
[2026-09-16 19:28:11.268] [69459] [HailoRT] [info] [hef.cpp:1994] [get_network_group_and_network_name] No name was given. Addressing all networks of default network_group: yolo26s_cam123_best
[2026-09-16 19:28:11.273] [69459] [HailoRT] [info] [internal_buffer_manager.cpp:75] [print_execution_results] Default Internal buffer planner failed to meet requirements
[2026-09-16 19:28:11.273] [69459] [HailoRT] [info] [internal_buffer_manager.cpp:86] [print_execution_results] Default Internal buffer planner executed successfully
[2026-09-16 19:28:11.282] [69459] [HailoRT] [info] [device_internal.cpp:57] [configure] Configuring HEF took 9.972572 milliseconds
[2026-09-16 19:28:11.285] [69459] [HailoRT] [info] [vdevice.cpp:780] [configure] Configuring HEF on VDevice took 13.106905 milliseconds
[2026-09-16 19:28:11.285] [69459] [HailoRT] [info] [hef.cpp:1994] [get_network_group_and_network_name] No name was given. Addressing all networks of default network_group: repvgg_a0_person_reid_512
[2026-09-16 19:28:11.285] [69459] [HailoRT] [info] [edge_elements.cpp:52] [create] Created (HwWriteEl5yolo26s_cam123_best/input_layer1 | hw_frame_size: 1228800)
[2026-09-16 19:28:11.285] [69459] [HailoRT] [info] [vstream.cpp:754] [InputVStreamImpl] Creating yolo26s_cam123_best/input_layer1...
[2026-09-16 19:28:11.285] [69459] [HailoRT] [info] [vstream_builder.cpp:102] [create_inputs] Input pipeline 'yolo26s_cam123_best/input_layer1': (HwWriteEl5yolo26s_cam123_best/input_layer1 | hw_frame_size: 1228800) >> HW
[2026-09-16 19:28:11.285] [69459] [HailoRT] [info] [edge_elements.cpp:287] [create] Created (HwReadEl4yolo26s_cam123_best/nms1 | hw_frame_size: 5668)
[2026-09-16 19:28:11.285] [69459] [HailoRT] [info] [queue_elements.cpp:657] [create] Created (PullQEl_hw_read4yolo26s_cam123_best/nms1)
[2026-09-16 19:28:11.285] [69459] [HailoRT] [info] [filter_elements.cpp:372] [create] Created (PostInferEl4yolo26s_cam123_best/nms1 | number_of_classes: 6, max_bboxes_per_class: 100 | Quantization - src_type: UINT16, dst_type FLOAT32, limvals_min: 0, limvals_max: 9.24)
[2026-09-16 19:28:11.285] [69459] [HailoRT] [info] [queue_elements.cpp:800] [create] Created (UserBuffQEl4yolo26s_cam123_best/nms1 | timeout: 10s)
[2026-09-16 19:28:11.285] [69459] [HailoRT] [info] [vstream.cpp:1114] [OutputVStreamImpl] Creating yolo26s_cam123_best/nms1...
[2026-09-16 19:28:11.285] [69459] [HailoRT] [info] [vstream_builder.cpp:220] [create_outputs] Output pipeline 'yolo26s_cam123_best/nms1': HW >> (HwReadEl4yolo26s_cam123_best/nms1 | hw_frame_size: 5668) >> (PullQEl_hw_read4yolo26s_cam123_best/nms1) >> (PostInferEl4yolo26s_cam123_best/nms1 | number_of_classes: 6, max_bboxes_per_class: 100 | Quantization - src_type: UINT16, dst_type FLOAT32, limvals_min: 0, limvals_max: 9.24) >> (UserBuffQEl4yolo26s_cam123_best/nms1 | timeout: 10s)
[2026-09-16 19:28:11.286] [69459] [HailoRT] [info] [edge_elements.cpp:52] [create] Created (HwWriteEl1repvgg_a0_person_reid_512/input_layer1 | hw_frame_size: 98304)
[2026-09-16 19:28:11.286] [69459] [HailoRT] [info] [vstream.cpp:754] [InputVStreamImpl] Creating repvgg_a0_person_reid_512/input_layer1...
[2026-09-16 19:28:11.286] [69459] [HailoRT] [info] [vstream_builder.cpp:102] [create_inputs] Input pipeline 'repvgg_a0_person_reid_512/input_layer1': (HwWriteEl1repvgg_a0_person_reid_512/input_layer1 | hw_frame_size: 98304) >> HW
[2026-09-16 19:28:11.286] [69459] [HailoRT] [info] [edge_elements.cpp:287] [create] Created (HwReadEl0repvgg_a0_person_reid_512/fc1 | hw_frame_size: 512)
[2026-09-16 19:28:11.286] [69459] [HailoRT] [info] [queue_elements.cpp:657] [create] Created (PullQEl_hw_read0repvgg_a0_person_reid_512/fc1)
[2026-09-16 19:28:11.286] [69459] [HailoRT] [info] [filter_elements.cpp:372] [create] Created (PostInferEl0repvgg_a0_person_reid_512/fc1 | Quantization - src_type: UINT8, dst_type FLOAT32, limvals_min: -15.5807, limvals_max: 12.7984)
[2026-09-16 19:28:11.286] [69459] [HailoRT] [info] [queue_elements.cpp:800] [create] Created (UserBuffQEl0repvgg_a0_person_reid_512/fc1 | timeout: 10s)
[2026-09-16 19:28:11.286] [69459] [HailoRT] [info] [vstream.cpp:1114] [OutputVStreamImpl] Creating repvgg_a0_person_reid_512/fc1...
[2026-09-16 19:28:11.286] [69459] [HailoRT] [info] [vstream_builder.cpp:220] [create_outputs] Output pipeline 'repvgg_a0_person_reid_512/fc1': HW >> (HwReadEl0repvgg_a0_person_reid_512/fc1 | hw_frame_size: 512) >> (PullQEl_hw_read0repvgg_a0_person_reid_512/fc1) >> (PostInferEl0repvgg_a0_person_reid_512/fc1 | Quantization - src_type: UINT8, dst_type FLOAT32, limvals_min: -15.5807, limvals_max: 12.7984) >> (UserBuffQEl0repvgg_a0_person_reid_512/fc1 | timeout: 10s)
[2026-09-16 19:29:00.624] [69551] [HailoRT] [info] [edge_elements.cpp:396] [run_pull] Reading from stream was aborted!
[2026-09-16 19:29:00.624] [69552] [HailoRT] [info] [queue_elements.cpp:855] [run_in_thread] Shutdown event was signaled in dequeue of UserBuffQEl0repvgg_a0_person_reid_512/fc1!
[2026-09-16 19:29:00.624] [69551] [HailoRT] [info] [queue_elements.cpp:738] [run_in_thread] run_pull of queue element PullQEl_hw_read0repvgg_a0_person_reid_512/fc1 was aborted!
[2026-09-16 19:29:00.624] [69551] [HailoRT] [info] [queue_elements.cpp:68] [operator()] Thread in element PullQEl_hw_read0repvgg_a0_person_reid_512/fc1 is not running anymore, exiting..
[2026-09-16 19:29:00.625] [69459] [HailoRT] [info] [queue_elements.cpp:46] [~BaseQueueElement] Queue element PullQEl_hw_read0repvgg_a0_person_reid_512/fc1 has 0 frames in his Queue on destruction
[2026-09-16 19:29:00.625] [69552] [HailoRT] [info] [queue_elements.cpp:68] [operator()] Thread in element UserBuffQEl0repvgg_a0_person_reid_512/fc1 is not running anymore, exiting..
[2026-09-16 19:29:00.625] [69459] [HailoRT] [info] [queue_elements.cpp:46] [~BaseQueueElement] Queue element UserBuffQEl0repvgg_a0_person_reid_512/fc1 has 0 frames in his Queue on destruction
[2026-09-16 19:29:00.625] [69549] [HailoRT] [info] [edge_elements.cpp:396] [run_pull] Reading from stream was aborted!
[2026-09-16 19:29:00.625] [69549] [HailoRT] [info] [queue_elements.cpp:738] [run_in_thread] run_pull of queue element PullQEl_hw_read4yolo26s_cam123_best/nms1 was aborted!
[2026-09-16 19:29:00.625] [69550] [HailoRT] [info] [queue_elements.cpp:855] [run_in_thread] Shutdown event was signaled in dequeue of UserBuffQEl4yolo26s_cam123_best/nms1!
[2026-09-16 19:29:00.625] [69549] [HailoRT] [info] [queue_elements.cpp:68] [operator()] Thread in element PullQEl_hw_read4yolo26s_cam123_best/nms1 is not running anymore, exiting..
[2026-09-16 19:29:00.625] [69459] [HailoRT] [info] [queue_elements.cpp:46] [~BaseQueueElement] Queue element PullQEl_hw_read4yolo26s_cam123_best/nms1 has 0 frames in his Queue on destruction
[2026-09-16 19:29:00.625] [69550] [HailoRT] [info] [queue_elements.cpp:68] [operator()] Thread in element UserBuffQEl4yolo26s_cam123_best/nms1 is not running anymore, exiting..
[2026-09-16 19:29:00.625] [69459] [HailoRT] [info] [queue_elements.cpp:46] [~BaseQueueElement] Queue element UserBuffQEl4yolo26s_cam123_best/nms1 has 0 frames in his Queue on destruction
[2026-09-16 19:36:43.017] [73246] [HailoRT] [info] [vdevice.cpp:535] [create] Creating vdevice with params: device_count: 1, scheduling_algorithm: ROUND_ROBIN, multi_process_service: false
[2026-09-16 19:36:43.028] [73246] [HailoRT] [info] [device.cpp:51] [Device] OS Version: Linux 6.18.39+rpt-rpi-2712 #1 SMP PREEMPT Debian 1:6.18.39-1+rpt1 (2026-07-29) aarch64
[2026-09-16 19:36:43.028] [73246] [HailoRT] [info] [control.cpp:113] [control__parse_identify_results] firmware_version is: 4.23.0
[2026-09-16 19:36:43.028] [73246] [HailoRT] [info] [vdevice.cpp:682] [create] VDevice Infos: 0001:01:00.0
[2026-09-16 19:36:43.044] [73246] [HailoRT] [info] [internal_buffer_manager.cpp:77] [print_execution_results] Planned internal buffer memory: CMA=0 CMA-Desc=1114112 Pinned=5463040. memory to edge layer usage factor is 0.6681277
[2026-09-16 19:36:43.044] [73246] [HailoRT] [info] [internal_buffer_manager.cpp:86] [print_execution_results] Default Internal buffer planner executed successfully
[2026-09-16 19:36:43.081] [73246] [HailoRT] [info] [device_internal.cpp:57] [configure] Configuring HEF took 43.062918 milliseconds
[2026-09-16 19:36:43.087] [73246] [HailoRT] [info] [vdevice.cpp:780] [configure] Configuring HEF on VDevice took 49.787494 milliseconds
[2026-09-16 19:36:43.088] [73246] [HailoRT] [info] [hef.cpp:1994] [get_network_group_and_network_name] No name was given. Addressing all networks of default network_group: yolo26s_cam123_best
[2026-09-16 19:36:43.092] [73246] [HailoRT] [info] [internal_buffer_manager.cpp:75] [print_execution_results] Default Internal buffer planner failed to meet requirements
[2026-09-16 19:36:43.092] [73246] [HailoRT] [info] [internal_buffer_manager.cpp:86] [print_execution_results] Default Internal buffer planner executed successfully
[2026-09-16 19:36:43.101] [73246] [HailoRT] [info] [device_internal.cpp:57] [configure] Configuring HEF took 10.054966 milliseconds
[2026-09-16 19:36:43.105] [73246] [HailoRT] [info] [vdevice.cpp:780] [configure] Configuring HEF on VDevice took 14.329207 milliseconds
[2026-09-16 19:36:43.105] [73246] [HailoRT] [info] [hef.cpp:1994] [get_network_group_and_network_name] No name was given. Addressing all networks of default network_group: repvgg_a0_person_reid_512
[2026-09-16 19:36:43.106] [73246] [HailoRT] [info] [edge_elements.cpp:52] [create] Created (HwWriteEl5yolo26s_cam123_best/input_layer1 | hw_frame_size: 1228800)
[2026-09-16 19:36:43.106] [73246] [HailoRT] [info] [vstream.cpp:754] [InputVStreamImpl] Creating yolo26s_cam123_best/input_layer1...
[2026-09-16 19:36:43.106] [73246] [HailoRT] [info] [vstream_builder.cpp:102] [create_inputs] Input pipeline 'yolo26s_cam123_best/input_layer1': (HwWriteEl5yolo26s_cam123_best/input_layer1 | hw_frame_size: 1228800) >> HW
[2026-09-16 19:36:43.106] [73246] [HailoRT] [info] [edge_elements.cpp:287] [create] Created (HwReadEl4yolo26s_cam123_best/nms1 | hw_frame_size: 5668)
[2026-09-16 19:36:43.106] [73246] [HailoRT] [info] [queue_elements.cpp:657] [create] Created (PullQEl_hw_read4yolo26s_cam123_best/nms1)
[2026-09-16 19:36:43.106] [73246] [HailoRT] [info] [filter_elements.cpp:372] [create] Created (PostInferEl4yolo26s_cam123_best/nms1 | number_of_classes: 6, max_bboxes_per_class: 100 | Quantization - src_type: UINT16, dst_type FLOAT32, limvals_min: 0, limvals_max: 9.24)
[2026-09-16 19:36:43.106] [73246] [HailoRT] [info] [queue_elements.cpp:800] [create] Created (UserBuffQEl4yolo26s_cam123_best/nms1 | timeout: 10s)
[2026-09-16 19:36:43.106] [73246] [HailoRT] [info] [vstream.cpp:1114] [OutputVStreamImpl] Creating yolo26s_cam123_best/nms1...
[2026-09-16 19:36:43.106] [73246] [HailoRT] [info] [vstream_builder.cpp:220] [create_outputs] Output pipeline 'yolo26s_cam123_best/nms1': HW >> (HwReadEl4yolo26s_cam123_best/nms1 | hw_frame_size: 5668) >> (PullQEl_hw_read4yolo26s_cam123_best/nms1) >> (PostInferEl4yolo26s_cam123_best/nms1 | number_of_classes: 6, max_bboxes_per_class: 100 | Quantization - src_type: UINT16, dst_type FLOAT32, limvals_min: 0, limvals_max: 9.24) >> (UserBuffQEl4yolo26s_cam123_best/nms1 | timeout: 10s)
[2026-09-16 19:36:43.106] [73246] [HailoRT] [info] [edge_elements.cpp:52] [create] Created (HwWriteEl1repvgg_a0_person_reid_512/input_layer1 | hw_frame_size: 98304)
[2026-09-16 19:36:43.106] [73246] [HailoRT] [info] [vstream.cpp:754] [InputVStreamImpl] Creating repvgg_a0_person_reid_512/input_layer1...
[2026-09-16 19:36:43.106] [73246] [HailoRT] [info] [vstream_builder.cpp:102] [create_inputs] Input pipeline 'repvgg_a0_person_reid_512/input_layer1': (HwWriteEl1repvgg_a0_person_reid_512/input_layer1 | hw_frame_size: 98304) >> HW
[2026-09-16 19:36:43.106] [73246] [HailoRT] [info] [edge_elements.cpp:287] [create] Created (HwReadEl0repvgg_a0_person_reid_512/fc1 | hw_frame_size: 512)
[2026-09-16 19:36:43.107] [73246] [HailoRT] [info] [queue_elements.cpp:657] [create] Created (PullQEl_hw_read0repvgg_a0_person_reid_512/fc1)
[2026-09-16 19:36:43.107] [73246] [HailoRT] [info] [filter_elements.cpp:372] [create] Created (PostInferEl0repvgg_a0_person_reid_512/fc1 | Quantization - src_type: UINT8, dst_type FLOAT32, limvals_min: -15.5807, limvals_max: 12.7984)
[2026-09-16 19:36:43.107] [73246] [HailoRT] [info] [queue_elements.cpp:800] [create] Created (UserBuffQEl0repvgg_a0_person_reid_512/fc1 | timeout: 10s)
[2026-09-16 19:36:43.107] [73246] [HailoRT] [info] [vstream.cpp:1114] [OutputVStreamImpl] Creating repvgg_a0_person_reid_512/fc1...
[2026-09-16 19:36:43.107] [73246] [HailoRT] [info] [vstream_builder.cpp:220] [create_outputs] Output pipeline 'repvgg_a0_person_reid_512/fc1': HW >> (HwReadEl0repvgg_a0_person_reid_512/fc1 | hw_frame_size: 512) >> (PullQEl_hw_read0repvgg_a0_person_reid_512/fc1) >> (PostInferEl0repvgg_a0_person_reid_512/fc1 | Quantization - src_type: UINT8, dst_type FLOAT32, limvals_min: -15.5807, limvals_max: 12.7984) >> (UserBuffQEl0repvgg_a0_person_reid_512/fc1 | timeout: 10s)
[2026-09-16 19:38:13.306] [73306] [HailoRT] [info] [edge_elements.cpp:396] [run_pull] Reading from stream was aborted!
[2026-09-16 19:38:13.306] [73307] [HailoRT] [info] [queue_elements.cpp:855] [run_in_thread] Shutdown event was signaled in dequeue of UserBuffQEl0repvgg_a0_person_reid_512/fc1!
[2026-09-16 19:38:13.306] [73306] [HailoRT] [info] [queue_elements.cpp:738] [run_in_thread] run_pull of queue element PullQEl_hw_read0repvgg_a0_person_reid_512/fc1 was aborted!
[2026-09-16 19:38:13.306] [73306] [HailoRT] [info] [queue_elements.cpp:68] [operator()] Thread in element PullQEl_hw_read0repvgg_a0_person_reid_512/fc1 is not running anymore, exiting..
[2026-09-16 19:38:13.306] [73246] [HailoRT] [info] [queue_elements.cpp:46] [~BaseQueueElement] Queue element PullQEl_hw_read0repvgg_a0_person_reid_512/fc1 has 0 frames in his Queue on destruction
[2026-09-16 19:38:13.306] [73307] [HailoRT] [info] [queue_elements.cpp:68] [operator()] Thread in element UserBuffQEl0repvgg_a0_person_reid_512/fc1 is not running anymore, exiting..
[2026-09-16 19:38:13.306] [73246] [HailoRT] [info] [queue_elements.cpp:46] [~BaseQueueElement] Queue element UserBuffQEl0repvgg_a0_person_reid_512/fc1 has 0 frames in his Queue on destruction
[2026-09-16 19:38:13.306] [73304] [HailoRT] [info] [edge_elements.cpp:396] [run_pull] Reading from stream was aborted!
[2026-09-16 19:38:13.306] [73305] [HailoRT] [info] [queue_elements.cpp:855] [run_in_thread] Shutdown event was signaled in dequeue of UserBuffQEl4yolo26s_cam123_best/nms1!
[2026-09-16 19:38:13.306] [73304] [HailoRT] [info] [queue_elements.cpp:738] [run_in_thread] run_pull of queue element PullQEl_hw_read4yolo26s_cam123_best/nms1 was aborted!
[2026-09-16 19:38:13.306] [73304] [HailoRT] [info] [queue_elements.cpp:68] [operator()] Thread in element PullQEl_hw_read4yolo26s_cam123_best/nms1 is not running anymore, exiting..
[2026-09-16 19:38:13.306] [73246] [HailoRT] [info] [queue_elements.cpp:46] [~BaseQueueElement] Queue element PullQEl_hw_read4yolo26s_cam123_best/nms1 has 0 frames in his Queue on destruction
[2026-09-16 19:38:13.306] [73305] [HailoRT] [info] [queue_elements.cpp:68] [operator()] Thread in element UserBuffQEl4yolo26s_cam123_best/nms1 is not running anymore, exiting..
[2026-09-16 19:38:13.306] [73246] [HailoRT] [info] [queue_elements.cpp:46] [~BaseQueueElement] Queue element UserBuffQEl4yolo26s_cam123_best/nms1 has 0 frames in his Queue on destruction
[2026-09-16 19:47:03.098] [79872] [HailoRT] [info] [vdevice.cpp:535] [create] Creating vdevice with params: device_count: 1, scheduling_algorithm: ROUND_ROBIN, multi_process_service: false
[2026-09-16 19:47:03.111] [79872] [HailoRT] [info] [device.cpp:51] [Device] OS Version: Linux 6.18.39+rpt-rpi-2712 #1 SMP PREEMPT Debian 1:6.18.39-1+rpt1 (2026-07-29) aarch64
[2026-09-16 19:47:03.111] [79872] [HailoRT] [info] [control.cpp:113] [control__parse_identify_results] firmware_version is: 4.23.0
[2026-09-16 19:47:03.111] [79872] [HailoRT] [info] [vdevice.cpp:682] [create] VDevice Infos: 0001:01:00.0
[2026-09-16 19:47:03.127] [79872] [HailoRT] [info] [internal_buffer_manager.cpp:77] [print_execution_results] Planned internal buffer memory: CMA=0 CMA-Desc=1114112 Pinned=5463040. memory to edge layer usage factor is 0.6681277
[2026-09-16 19:47:03.127] [79872] [HailoRT] [info] [internal_buffer_manager.cpp:86] [print_execution_results] Default Internal buffer planner executed successfully
[2026-09-16 19:47:03.163] [79872] [HailoRT] [info] [device_internal.cpp:57] [configure] Configuring HEF took 43.271058 milliseconds
[2026-09-16 19:47:03.170] [79872] [HailoRT] [info] [vdevice.cpp:780] [configure] Configuring HEF on VDevice took 50.185493 milliseconds
[2026-09-16 19:47:03.171] [79872] [HailoRT] [info] [hef.cpp:1994] [get_network_group_and_network_name] No name was given. Addressing all networks of default network_group: yolo26s_cam123_best
[2026-09-16 19:47:03.175] [79872] [HailoRT] [info] [internal_buffer_manager.cpp:75] [print_execution_results] Default Internal buffer planner failed to meet requirements
[2026-09-16 19:47:03.175] [79872] [HailoRT] [info] [internal_buffer_manager.cpp:86] [print_execution_results] Default Internal buffer planner executed successfully
[2026-09-16 19:47:03.185] [79872] [HailoRT] [info] [device_internal.cpp:57] [configure] Configuring HEF took 10.204263 milliseconds
[2026-09-16 19:47:03.189] [79872] [HailoRT] [info] [vdevice.cpp:780] [configure] Configuring HEF on VDevice took 14.491668 milliseconds
[2026-09-16 19:47:03.189] [79872] [HailoRT] [info] [hef.cpp:1994] [get_network_group_and_network_name] No name was given. Addressing all networks of default network_group: repvgg_a0_person_reid_512
[2026-09-16 19:47:03.189] [79872] [HailoRT] [info] [edge_elements.cpp:52] [create] Created (HwWriteEl5yolo26s_cam123_best/input_layer1 | hw_frame_size: 1228800)
[2026-09-16 19:47:03.189] [79872] [HailoRT] [info] [vstream.cpp:754] [InputVStreamImpl] Creating yolo26s_cam123_best/input_layer1...
[2026-09-16 19:47:03.189] [79872] [HailoRT] [info] [vstream_builder.cpp:102] [create_inputs] Input pipeline 'yolo26s_cam123_best/input_layer1': (HwWriteEl5yolo26s_cam123_best/input_layer1 | hw_frame_size: 1228800) >> HW
[2026-09-16 19:47:03.189] [79872] [HailoRT] [info] [edge_elements.cpp:287] [create] Created (HwReadEl4yolo26s_cam123_best/nms1 | hw_frame_size: 5668)
[2026-09-16 19:47:03.190] [79872] [HailoRT] [info] [queue_elements.cpp:657] [create] Created (PullQEl_hw_read4yolo26s_cam123_best/nms1)
[2026-09-16 19:47:03.190] [79872] [HailoRT] [info] [filter_elements.cpp:372] [create] Created (PostInferEl4yolo26s_cam123_best/nms1 | number_of_classes: 6, max_bboxes_per_class: 100 | Quantization - src_type: UINT16, dst_type FLOAT32, limvals_min: 0, limvals_max: 9.24)
[2026-09-16 19:47:03.190] [79872] [HailoRT] [info] [queue_elements.cpp:800] [create] Created (UserBuffQEl4yolo26s_cam123_best/nms1 | timeout: 10s)
[2026-09-16 19:47:03.190] [79872] [HailoRT] [info] [vstream.cpp:1114] [OutputVStreamImpl] Creating yolo26s_cam123_best/nms1...
[2026-09-16 19:47:03.190] [79872] [HailoRT] [info] [vstream_builder.cpp:220] [create_outputs] Output pipeline 'yolo26s_cam123_best/nms1': HW >> (HwReadEl4yolo26s_cam123_best/nms1 | hw_frame_size: 5668) >> (PullQEl_hw_read4yolo26s_cam123_best/nms1) >> (PostInferEl4yolo26s_cam123_best/nms1 | number_of_classes: 6, max_bboxes_per_class: 100 | Quantization - src_type: UINT16, dst_type FLOAT32, limvals_min: 0, limvals_max: 9.24) >> (UserBuffQEl4yolo26s_cam123_best/nms1 | timeout: 10s)
[2026-09-16 19:47:03.190] [79872] [HailoRT] [info] [edge_elements.cpp:52] [create] Created (HwWriteEl1repvgg_a0_person_reid_512/input_layer1 | hw_frame_size: 98304)
[2026-09-16 19:47:03.190] [79872] [HailoRT] [info] [vstream.cpp:754] [InputVStreamImpl] Creating repvgg_a0_person_reid_512/input_layer1...
[2026-09-16 19:47:03.190] [79872] [HailoRT] [info] [vstream_builder.cpp:102] [create_inputs] Input pipeline 'repvgg_a0_person_reid_512/input_layer1': (HwWriteEl1repvgg_a0_person_reid_512/input_layer1 | hw_frame_size: 98304) >> HW
[2026-09-16 19:47:03.190] [79872] [HailoRT] [info] [edge_elements.cpp:287] [create] Created (HwReadEl0repvgg_a0_person_reid_512/fc1 | hw_frame_size: 512)
[2026-09-16 19:47:03.190] [79872] [HailoRT] [info] [queue_elements.cpp:657] [create] Created (PullQEl_hw_read0repvgg_a0_person_reid_512/fc1)
[2026-09-16 19:47:03.190] [79872] [HailoRT] [info] [filter_elements.cpp:372] [create] Created (PostInferEl0repvgg_a0_person_reid_512/fc1 | Quantization - src_type: UINT8, dst_type FLOAT32, limvals_min: -15.5807, limvals_max: 12.7984)
[2026-09-16 19:47:03.190] [79872] [HailoRT] [info] [queue_elements.cpp:800] [create] Created (UserBuffQEl0repvgg_a0_person_reid_512/fc1 | timeout: 10s)
[2026-09-16 19:47:03.190] [79872] [HailoRT] [info] [vstream.cpp:1114] [OutputVStreamImpl] Creating repvgg_a0_person_reid_512/fc1...
[2026-09-16 19:47:03.190] [79872] [HailoRT] [info] [vstream_builder.cpp:220] [create_outputs] Output pipeline 'repvgg_a0_person_reid_512/fc1': HW >> (HwReadEl0repvgg_a0_person_reid_512/fc1 | hw_frame_size: 512) >> (PullQEl_hw_read0repvgg_a0_person_reid_512/fc1) >> (PostInferEl0repvgg_a0_person_reid_512/fc1 | Quantization - src_type: UINT8, dst_type FLOAT32, limvals_min: -15.5807, limvals_max: 12.7984) >> (UserBuffQEl0repvgg_a0_person_reid_512/fc1 | timeout: 10s)
[2026-09-16 21:05:27.592] [89597] [HailoRT] [info] [vdevice.cpp:535] [create] Creating vdevice with params: device_count: 1, scheduling_algorithm: ROUND_ROBIN, multi_process_service: false
[2026-09-16 21:05:27.604] [89597] [HailoRT] [info] [device.cpp:51] [Device] OS Version: Linux 6.18.39+rpt-rpi-2712 #1 SMP PREEMPT Debian 1:6.18.39-1+rpt1 (2026-07-29) aarch64
[2026-09-16 21:05:27.604] [89597] [HailoRT] [info] [control.cpp:113] [control__parse_identify_results] firmware_version is: 4.23.0
[2026-09-16 21:05:27.604] [89597] [HailoRT] [info] [vdevice.cpp:682] [create] VDevice Infos: 0001:01:00.0
[2026-09-16 21:05:27.621] [89597] [HailoRT] [info] [internal_buffer_manager.cpp:77] [print_execution_results] Planned internal buffer memory: CMA=0 CMA-Desc=1114112 Pinned=5463040. memory to edge layer usage factor is 0.6681277
[2026-09-16 21:05:27.621] [89597] [HailoRT] [info] [internal_buffer_manager.cpp:86] [print_execution_results] Default Internal buffer planner executed successfully
[2026-09-16 21:05:27.660] [89597] [HailoRT] [info] [device_internal.cpp:57] [configure] Configuring HEF took 46.415883 milliseconds
[2026-09-16 21:05:27.667] [89597] [HailoRT] [info] [vdevice.cpp:780] [configure] Configuring HEF on VDevice took 52.821252 milliseconds
[2026-09-16 21:05:27.667] [89597] [HailoRT] [info] [hef.cpp:1994] [get_network_group_and_network_name] No name was given. Addressing all networks of default network_group: yolo26s_cam123_best
[2026-09-16 21:05:27.671] [89597] [HailoRT] [info] [internal_buffer_manager.cpp:75] [print_execution_results] Default Internal buffer planner failed to meet requirements
[2026-09-16 21:05:27.671] [89597] [HailoRT] [info] [internal_buffer_manager.cpp:86] [print_execution_results] Default Internal buffer planner executed successfully
[2026-09-16 21:05:27.680] [89597] [HailoRT] [info] [device_internal.cpp:57] [configure] Configuring HEF took 9.875896 milliseconds
[2026-09-16 21:05:27.684] [89597] [HailoRT] [info] [vdevice.cpp:780] [configure] Configuring HEF on VDevice took 13.90163 milliseconds
[2026-09-16 21:05:27.684] [89597] [HailoRT] [info] [hef.cpp:1994] [get_network_group_and_network_name] No name was given. Addressing all networks of default network_group: repvgg_a0_person_reid_512
[2026-09-16 21:05:27.684] [89597] [HailoRT] [info] [edge_elements.cpp:52] [create] Created (HwWriteEl5yolo26s_cam123_best/input_layer1 | hw_frame_size: 1228800)
[2026-09-16 21:05:27.684] [89597] [HailoRT] [info] [vstream.cpp:754] [InputVStreamImpl] Creating yolo26s_cam123_best/input_layer1...
[2026-09-16 21:05:27.684] [89597] [HailoRT] [info] [vstream_builder.cpp:102] [create_inputs] Input pipeline 'yolo26s_cam123_best/input_layer1': (HwWriteEl5yolo26s_cam123_best/input_layer1 | hw_frame_size: 1228800) >> HW
[2026-09-16 21:05:27.684] [89597] [HailoRT] [info] [edge_elements.cpp:287] [create] Created (HwReadEl4yolo26s_cam123_best/nms1 | hw_frame_size: 5668)
[2026-09-16 21:05:27.685] [89597] [HailoRT] [info] [queue_elements.cpp:657] [create] Created (PullQEl_hw_read4yolo26s_cam123_best/nms1)
[2026-09-16 21:05:27.685] [89597] [HailoRT] [info] [filter_elements.cpp:372] [create] Created (PostInferEl4yolo26s_cam123_best/nms1 | number_of_classes: 6, max_bboxes_per_class: 100 | Quantization - src_type: UINT16, dst_type FLOAT32, limvals_min: 0, limvals_max: 9.24)
[2026-09-16 21:05:27.685] [89597] [HailoRT] [info] [queue_elements.cpp:800] [create] Created (UserBuffQEl4yolo26s_cam123_best/nms1 | timeout: 10s)
[2026-09-16 21:05:27.685] [89597] [HailoRT] [info] [vstream.cpp:1114] [OutputVStreamImpl] Creating yolo26s_cam123_best/nms1...
[2026-09-16 21:05:27.685] [89597] [HailoRT] [info] [vstream_builder.cpp:220] [create_outputs] Output pipeline 'yolo26s_cam123_best/nms1': HW >> (HwReadEl4yolo26s_cam123_best/nms1 | hw_frame_size: 5668) >> (PullQEl_hw_read4yolo26s_cam123_best/nms1) >> (PostInferEl4yolo26s_cam123_best/nms1 | number_of_classes: 6, max_bboxes_per_class: 100 | Quantization - src_type: UINT16, dst_type FLOAT32, limvals_min: 0, limvals_max: 9.24) >> (UserBuffQEl4yolo26s_cam123_best/nms1 | timeout: 10s)
[2026-09-16 21:05:27.685] [89597] [HailoRT] [info] [edge_elements.cpp:52] [create] Created (HwWriteEl1repvgg_a0_person_reid_512/input_layer1 | hw_frame_size: 98304)
[2026-09-16 21:05:27.685] [89597] [HailoRT] [info] [vstream.cpp:754] [InputVStreamImpl] Creating repvgg_a0_person_reid_512/input_layer1...
[2026-09-16 21:05:27.685] [89597] [HailoRT] [info] [vstream_builder.cpp:102] [create_inputs] Input pipeline 'repvgg_a0_person_reid_512/input_layer1': (HwWriteEl1repvgg_a0_person_reid_512/input_layer1 | hw_frame_size: 98304) >> HW
[2026-09-16 21:05:27.685] [89597] [HailoRT] [info] [edge_elements.cpp:287] [create] Created (HwReadEl0repvgg_a0_person_reid_512/fc1 | hw_frame_size: 512)
[2026-09-16 21:05:27.685] [89597] [HailoRT] [info] [queue_elements.cpp:657] [create] Created (PullQEl_hw_read0repvgg_a0_person_reid_512/fc1)
[2026-09-16 21:05:27.685] [89597] [HailoRT] [info] [filter_elements.cpp:372] [create] Created (PostInferEl0repvgg_a0_person_reid_512/fc1 | Quantization - src_type: UINT8, dst_type FLOAT32, limvals_min: -15.5807, limvals_max: 12.7984)
[2026-09-16 21:05:27.685] [89597] [HailoRT] [info] [queue_elements.cpp:800] [create] Created (UserBuffQEl0repvgg_a0_person_reid_512/fc1 | timeout: 10s)
[2026-09-16 21:05:27.685] [89597] [HailoRT] [info] [vstream.cpp:1114] [OutputVStreamImpl] Creating repvgg_a0_person_reid_512/fc1...
[2026-09-16 21:05:27.685] [89597] [HailoRT] [info] [vstream_builder.cpp:220] [create_outputs] Output pipeline 'repvgg_a0_person_reid_512/fc1': HW >> (HwReadEl0repvgg_a0_person_reid_512/fc1 | hw_frame_size: 512) >> (PullQEl_hw_read0repvgg_a0_person_reid_512/fc1) >> (PostInferEl0repvgg_a0_person_reid_512/fc1 | Quantization - src_type: UINT8, dst_type FLOAT32, limvals_min: -15.5807, limvals_max: 12.7984) >> (UserBuffQEl0repvgg_a0_person_reid_512/fc1 | timeout: 10s)
[2026-09-16 21:10:40.094] [91163] [HailoRT] [info] [vdevice.cpp:535] [create] Creating vdevice with params: device_count: 1, scheduling_algorithm: ROUND_ROBIN, multi_process_service: false
[2026-09-16 21:10:40.107] [91163] [HailoRT] [info] [device.cpp:51] [Device] OS Version: Linux 6.18.39+rpt-rpi-2712 #1 SMP PREEMPT Debian 1:6.18.39-1+rpt1 (2026-07-29) aarch64
[2026-09-16 21:10:40.107] [91163] [HailoRT] [info] [control.cpp:113] [control__parse_identify_results] firmware_version is: 4.23.0
[2026-09-16 21:10:40.107] [91163] [HailoRT] [info] [vdevice.cpp:682] [create] VDevice Infos: 0001:01:00.0
[2026-09-16 21:10:40.123] [91163] [HailoRT] [info] [internal_buffer_manager.cpp:77] [print_execution_results] Planned internal buffer memory: CMA=0 CMA-Desc=1114112 Pinned=5463040. memory to edge layer usage factor is 0.6681277
[2026-09-16 21:10:40.123] [91163] [HailoRT] [info] [internal_buffer_manager.cpp:86] [print_execution_results] Default Internal buffer planner executed successfully
[2026-09-16 21:10:40.157] [91163] [HailoRT] [info] [device_internal.cpp:57] [configure] Configuring HEF took 40.894661 milliseconds
[2026-09-16 21:10:40.162] [91163] [HailoRT] [info] [vdevice.cpp:780] [configure] Configuring HEF on VDevice took 46.402636 milliseconds
[2026-09-16 21:10:40.163] [91163] [HailoRT] [info] [hef.cpp:1994] [get_network_group_and_network_name] No name was given. Addressing all networks of default network_group: yolo26s_cam123_best
[2026-09-16 21:10:40.166] [91163] [HailoRT] [info] [internal_buffer_manager.cpp:75] [print_execution_results] Default Internal buffer planner failed to meet requirements
[2026-09-16 21:10:40.166] [91163] [HailoRT] [info] [internal_buffer_manager.cpp:86] [print_execution_results] Default Internal buffer planner executed successfully
[2026-09-16 21:10:40.174] [91163] [HailoRT] [info] [device_internal.cpp:57] [configure] Configuring HEF took 8.173888 milliseconds
[2026-09-16 21:10:40.177] [91163] [HailoRT] [info] [vdevice.cpp:780] [configure] Configuring HEF on VDevice took 11.338487 milliseconds
[2026-09-16 21:10:40.177] [91163] [HailoRT] [info] [hef.cpp:1994] [get_network_group_and_network_name] No name was given. Addressing all networks of default network_group: repvgg_a0_person_reid_512
[2026-09-16 21:10:40.177] [91163] [HailoRT] [info] [edge_elements.cpp:52] [create] Created (HwWriteEl5yolo26s_cam123_best/input_layer1 | hw_frame_size: 1228800)
[2026-09-16 21:10:40.177] [91163] [HailoRT] [info] [vstream.cpp:754] [InputVStreamImpl] Creating yolo26s_cam123_best/input_layer1...
[2026-09-16 21:10:40.177] [91163] [HailoRT] [info] [vstream_builder.cpp:102] [create_inputs] Input pipeline 'yolo26s_cam123_best/input_layer1': (HwWriteEl5yolo26s_cam123_best/input_layer1 | hw_frame_size: 1228800) >> HW
[2026-09-16 21:10:40.177] [91163] [HailoRT] [info] [edge_elements.cpp:287] [create] Created (HwReadEl4yolo26s_cam123_best/nms1 | hw_frame_size: 5668)
[2026-09-16 21:10:40.177] [91163] [HailoRT] [info] [queue_elements.cpp:657] [create] Created (PullQEl_hw_read4yolo26s_cam123_best/nms1)
[2026-09-16 21:10:40.177] [91163] [HailoRT] [info] [filter_elements.cpp:372] [create] Created (PostInferEl4yolo26s_cam123_best/nms1 | number_of_classes: 6, max_bboxes_per_class: 100 | Quantization - src_type: UINT16, dst_type FLOAT32, limvals_min: 0, limvals_max: 9.24)
[2026-09-16 21:10:40.178] [91163] [HailoRT] [info] [queue_elements.cpp:800] [create] Created (UserBuffQEl4yolo26s_cam123_best/nms1 | timeout: 10s)
[2026-09-16 21:10:40.178] [91163] [HailoRT] [info] [vstream.cpp:1114] [OutputVStreamImpl] Creating yolo26s_cam123_best/nms1...
[2026-09-16 21:10:40.178] [91163] [HailoRT] [info] [vstream_builder.cpp:220] [create_outputs] Output pipeline 'yolo26s_cam123_best/nms1': HW >> (HwReadEl4yolo26s_cam123_best/nms1 | hw_frame_size: 5668) >> (PullQEl_hw_read4yolo26s_cam123_best/nms1) >> (PostInferEl4yolo26s_cam123_best/nms1 | number_of_classes: 6, max_bboxes_per_class: 100 | Quantization - src_type: UINT16, dst_type FLOAT32, limvals_min: 0, limvals_max: 9.24) >> (UserBuffQEl4yolo26s_cam123_best/nms1 | timeout: 10s)
[2026-09-16 21:10:40.178] [91163] [HailoRT] [info] [edge_elements.cpp:52] [create] Created (HwWriteEl1repvgg_a0_person_reid_512/input_layer1 | hw_frame_size: 98304)
[2026-09-16 21:10:40.178] [91163] [HailoRT] [info] [vstream.cpp:754] [InputVStreamImpl] Creating repvgg_a0_person_reid_512/input_layer1...
[2026-09-16 21:10:40.178] [91163] [HailoRT] [info] [vstream_builder.cpp:102] [create_inputs] Input pipeline 'repvgg_a0_person_reid_512/input_layer1': (HwWriteEl1repvgg_a0_person_reid_512/input_layer1 | hw_frame_size: 98304) >> HW
[2026-09-16 21:10:40.178] [91163] [HailoRT] [info] [edge_elements.cpp:287] [create] Created (HwReadEl0repvgg_a0_person_reid_512/fc1 | hw_frame_size: 512)
[2026-09-16 21:10:40.178] [91163] [HailoRT] [info] [queue_elements.cpp:657] [create] Created (PullQEl_hw_read0repvgg_a0_person_reid_512/fc1)
[2026-09-16 21:10:40.178] [91163] [HailoRT] [info] [filter_elements.cpp:372] [create] Created (PostInferEl0repvgg_a0_person_reid_512/fc1 | Quantization - src_type: UINT8, dst_type FLOAT32, limvals_min: -15.5807, limvals_max: 12.7984)
[2026-09-16 21:10:40.178] [91163] [HailoRT] [info] [queue_elements.cpp:800] [create] Created (UserBuffQEl0repvgg_a0_person_reid_512/fc1 | timeout: 10s)
[2026-09-16 21:10:40.178] [91163] [HailoRT] [info] [vstream.cpp:1114] [OutputVStreamImpl] Creating repvgg_a0_person_reid_512/fc1...
[2026-09-16 21:10:40.178] [91163] [HailoRT] [info] [vstream_builder.cpp:220] [create_outputs] Output pipeline 'repvgg_a0_person_reid_512/fc1': HW >> (HwReadEl0repvgg_a0_person_reid_512/fc1 | hw_frame_size: 512) >> (PullQEl_hw_read0repvgg_a0_person_reid_512/fc1) >> (PostInferEl0repvgg_a0_person_reid_512/fc1 | Quantization - src_type: UINT8, dst_type FLOAT32, limvals_min: -15.5807, limvals_max: 12.7984) >> (UserBuffQEl0repvgg_a0_person_reid_512/fc1 | timeout: 10s)
[2026-09-16 21:11:10.422] [91252] [HailoRT] [info] [edge_elements.cpp:396] [run_pull] Reading from stream was aborted!
[2026-09-16 21:11:10.422] [91253] [HailoRT] [info] [queue_elements.cpp:855] [run_in_thread] Shutdown event was signaled in dequeue of UserBuffQEl0repvgg_a0_person_reid_512/fc1!
[2026-09-16 21:11:10.422] [91252] [HailoRT] [info] [queue_elements.cpp:738] [run_in_thread] run_pull of queue element PullQEl_hw_read0repvgg_a0_person_reid_512/fc1 was aborted!
[2026-09-16 21:11:10.422] [91252] [HailoRT] [info] [queue_elements.cpp:68] [operator()] Thread in element PullQEl_hw_read0repvgg_a0_person_reid_512/fc1 is not running anymore, exiting..
[2026-09-16 21:11:10.422] [91163] [HailoRT] [info] [queue_elements.cpp:46] [~BaseQueueElement] Queue element PullQEl_hw_read0repvgg_a0_person_reid_512/fc1 has 0 frames in his Queue on destruction
[2026-09-16 21:11:10.422] [91253] [HailoRT] [info] [queue_elements.cpp:68] [operator()] Thread in element UserBuffQEl0repvgg_a0_person_reid_512/fc1 is not running anymore, exiting..
[2026-09-16 21:11:10.422] [91163] [HailoRT] [info] [queue_elements.cpp:46] [~BaseQueueElement] Queue element UserBuffQEl0repvgg_a0_person_reid_512/fc1 has 0 frames in his Queue on destruction
[2026-09-16 21:11:10.422] [91251] [HailoRT] [info] [queue_elements.cpp:855] [run_in_thread] Shutdown event was signaled in dequeue of UserBuffQEl4yolo26s_cam123_best/nms1!
[2026-09-16 21:11:10.422] [91250] [HailoRT] [info] [edge_elements.cpp:396] [run_pull] Reading from stream was aborted!
[2026-09-16 21:11:10.422] [91250] [HailoRT] [info] [queue_elements.cpp:738] [run_in_thread] run_pull of queue element PullQEl_hw_read4yolo26s_cam123_best/nms1 was aborted!
[2026-09-16 21:11:10.422] [91250] [HailoRT] [info] [queue_elements.cpp:68] [operator()] Thread in element PullQEl_hw_read4yolo26s_cam123_best/nms1 is not running anymore, exiting..
[2026-09-16 21:11:10.422] [91163] [HailoRT] [info] [queue_elements.cpp:46] [~BaseQueueElement] Queue element PullQEl_hw_read4yolo26s_cam123_best/nms1 has 0 frames in his Queue on destruction
[2026-09-16 21:11:10.422] [91251] [HailoRT] [info] [queue_elements.cpp:68] [operator()] Thread in element UserBuffQEl4yolo26s_cam123_best/nms1 is not running anymore, exiting..
[2026-09-16 21:11:10.422] [91163] [HailoRT] [info] [queue_elements.cpp:46] [~BaseQueueElement] Queue element UserBuffQEl4yolo26s_cam123_best/nms1 has 0 frames in his Queue on destruction
[2026-09-16 21:12:08.113] [93958] [HailoRT] [info] [vdevice.cpp:535] [create] Creating vdevice with params: device_count: 1, scheduling_algorithm: ROUND_ROBIN, multi_process_service: false
[2026-09-16 21:12:08.124] [93958] [HailoRT] [info] [device.cpp:51] [Device] OS Version: Linux 6.18.39+rpt-rpi-2712 #1 SMP PREEMPT Debian 1:6.18.39-1+rpt1 (2026-07-29) aarch64
[2026-09-16 21:12:08.124] [93958] [HailoRT] [info] [control.cpp:113] [control__parse_identify_results] firmware_version is: 4.23.0
[2026-09-16 21:12:08.124] [93958] [HailoRT] [info] [vdevice.cpp:682] [create] VDevice Infos: 0001:01:00.0
[2026-09-16 21:12:08.140] [93958] [HailoRT] [info] [internal_buffer_manager.cpp:77] [print_execution_results] Planned internal buffer memory: CMA=0 CMA-Desc=1114112 Pinned=5463040. memory to edge layer usage factor is 0.6681277
[2026-09-16 21:12:08.140] [93958] [HailoRT] [info] [internal_buffer_manager.cpp:86] [print_execution_results] Default Internal buffer planner executed successfully
[2026-09-16 21:12:08.175] [93958] [HailoRT] [info] [device_internal.cpp:57] [configure] Configuring HEF took 41.789159 milliseconds
[2026-09-16 21:12:08.181] [93958] [HailoRT] [info] [vdevice.cpp:780] [configure] Configuring HEF on VDevice took 48.23945 milliseconds
[2026-09-16 21:12:08.181] [93958] [HailoRT] [info] [hef.cpp:1994] [get_network_group_and_network_name] No name was given. Addressing all networks of default network_group: yolo26s_cam123_best
[2026-09-16 21:12:08.185] [93958] [HailoRT] [info] [internal_buffer_manager.cpp:75] [print_execution_results] Default Internal buffer planner failed to meet requirements
[2026-09-16 21:12:08.185] [93958] [HailoRT] [info] [internal_buffer_manager.cpp:86] [print_execution_results] Default Internal buffer planner executed successfully
[2026-09-16 21:12:08.194] [93958] [HailoRT] [info] [device_internal.cpp:57] [configure] Configuring HEF took 9.618094 milliseconds
[2026-09-16 21:12:08.198] [93958] [HailoRT] [info] [vdevice.cpp:780] [configure] Configuring HEF on VDevice took 13.628324 milliseconds
[2026-09-16 21:12:08.198] [93958] [HailoRT] [info] [hef.cpp:1994] [get_network_group_and_network_name] No name was given. Addressing all networks of default network_group: repvgg_a0_person_reid_512
[2026-09-16 21:12:08.199] [93958] [HailoRT] [info] [edge_elements.cpp:52] [create] Created (HwWriteEl5yolo26s_cam123_best/input_layer1 | hw_frame_size: 1228800)
[2026-09-16 21:12:08.199] [93958] [HailoRT] [info] [vstream.cpp:754] [InputVStreamImpl] Creating yolo26s_cam123_best/input_layer1...
[2026-09-16 21:12:08.199] [93958] [HailoRT] [info] [vstream_builder.cpp:102] [create_inputs] Input pipeline 'yolo26s_cam123_best/input_layer1': (HwWriteEl5yolo26s_cam123_best/input_layer1 | hw_frame_size: 1228800) >> HW
[2026-09-16 21:12:08.199] [93958] [HailoRT] [info] [edge_elements.cpp:287] [create] Created (HwReadEl4yolo26s_cam123_best/nms1 | hw_frame_size: 5668)
[2026-09-16 21:12:08.199] [93958] [HailoRT] [info] [queue_elements.cpp:657] [create] Created (PullQEl_hw_read4yolo26s_cam123_best/nms1)
[2026-09-16 21:12:08.199] [93958] [HailoRT] [info] [filter_elements.cpp:372] [create] Created (PostInferEl4yolo26s_cam123_best/nms1 | number_of_classes: 6, max_bboxes_per_class: 100 | Quantization - src_type: UINT16, dst_type FLOAT32, limvals_min: 0, limvals_max: 9.24)
[2026-09-16 21:12:08.199] [93958] [HailoRT] [info] [queue_elements.cpp:800] [create] Created (UserBuffQEl4yolo26s_cam123_best/nms1 | timeout: 10s)
[2026-09-16 21:12:08.199] [93958] [HailoRT] [info] [vstream.cpp:1114] [OutputVStreamImpl] Creating yolo26s_cam123_best/nms1...
[2026-09-16 21:12:08.199] [93958] [HailoRT] [info] [vstream_builder.cpp:220] [create_outputs] Output pipeline 'yolo26s_cam123_best/nms1': HW >> (HwReadEl4yolo26s_cam123_best/nms1 | hw_frame_size: 5668) >> (PullQEl_hw_read4yolo26s_cam123_best/nms1) >> (PostInferEl4yolo26s_cam123_best/nms1 | number_of_classes: 6, max_bboxes_per_class: 100 | Quantization - src_type: UINT16, dst_type FLOAT32, limvals_min: 0, limvals_max: 9.24) >> (UserBuffQEl4yolo26s_cam123_best/nms1 | timeout: 10s)
[2026-09-16 21:12:08.199] [93958] [HailoRT] [info] [edge_elements.cpp:52] [create] Created (HwWriteEl1repvgg_a0_person_reid_512/input_layer1 | hw_frame_size: 98304)
[2026-09-16 21:12:08.199] [93958] [HailoRT] [info] [vstream.cpp:754] [InputVStreamImpl] Creating repvgg_a0_person_reid_512/input_layer1...
[2026-09-16 21:12:08.199] [93958] [HailoRT] [info] [vstream_builder.cpp:102] [create_inputs] Input pipeline 'repvgg_a0_person_reid_512/input_layer1': (HwWriteEl1repvgg_a0_person_reid_512/input_layer1 | hw_frame_size: 98304) >> HW
[2026-09-16 21:12:08.199] [93958] [HailoRT] [info] [edge_elements.cpp:287] [create] Created (HwReadEl0repvgg_a0_person_reid_512/fc1 | hw_frame_size: 512)
[2026-09-16 21:12:08.199] [93958] [HailoRT] [info] [queue_elements.cpp:657] [create] Created (PullQEl_hw_read0repvgg_a0_person_reid_512/fc1)
[2026-09-16 21:12:08.199] [93958] [HailoRT] [info] [filter_elements.cpp:372] [create] Created (PostInferEl0repvgg_a0_person_reid_512/fc1 | Quantization - src_type: UINT8, dst_type FLOAT32, limvals_min: -15.5807, limvals_max: 12.7984)
[2026-09-16 21:12:08.199] [93958] [HailoRT] [info] [queue_elements.cpp:800] [create] Created (UserBuffQEl0repvgg_a0_person_reid_512/fc1 | timeout: 10s)
[2026-09-16 21:12:08.199] [93958] [HailoRT] [info] [vstream.cpp:1114] [OutputVStreamImpl] Creating repvgg_a0_person_reid_512/fc1...
[2026-09-16 21:12:08.199] [93958] [HailoRT] [info] [vstream_builder.cpp:220] [create_outputs] Output pipeline 'repvgg_a0_person_reid_512/fc1': HW >> (HwReadEl0repvgg_a0_person_reid_512/fc1 | hw_frame_size: 512) >> (PullQEl_hw_read0repvgg_a0_person_reid_512/fc1) >> (PostInferEl0repvgg_a0_person_reid_512/fc1 | Quantization - src_type: UINT8, dst_type FLOAT32, limvals_min: -15.5807, limvals_max: 12.7984) >> (UserBuffQEl0repvgg_a0_person_reid_512/fc1 | timeout: 10s)
[2026-09-16 21:13:33.331] [94045] [HailoRT] [info] [queue_elements.cpp:855] [run_in_thread] Shutdown event was signaled in dequeue of UserBuffQEl0repvgg_a0_person_reid_512/fc1!
[2026-09-16 21:13:33.331] [94044] [HailoRT] [info] [edge_elements.cpp:396] [run_pull] Reading from stream was aborted!
[2026-09-16 21:13:33.331] [94044] [HailoRT] [info] [queue_elements.cpp:738] [run_in_thread] run_pull of queue element PullQEl_hw_read0repvgg_a0_person_reid_512/fc1 was aborted!
[2026-09-16 21:13:33.331] [93958] [HailoRT] [info] [queue_elements.cpp:46] [~BaseQueueElement] Queue element PullQEl_hw_read0repvgg_a0_person_reid_512/fc1 has 0 frames in his Queue on destruction
[2026-09-16 21:13:33.331] [94045] [HailoRT] [info] [queue_elements.cpp:68] [operator()] Thread in element UserBuffQEl0repvgg_a0_person_reid_512/fc1 is not running anymore, exiting..
[2026-09-16 21:13:33.331] [93958] [HailoRT] [info] [queue_elements.cpp:46] [~BaseQueueElement] Queue element UserBuffQEl0repvgg_a0_person_reid_512/fc1 has 0 frames in his Queue on destruction
[2026-09-16 21:13:33.331] [94043] [HailoRT] [info] [queue_elements.cpp:855] [run_in_thread] Shutdown event was signaled in dequeue of UserBuffQEl4yolo26s_cam123_best/nms1!
[2026-09-16 21:13:33.331] [94042] [HailoRT] [info] [edge_elements.cpp:396] [run_pull] Reading from stream was aborted!
[2026-09-16 21:13:33.331] [94042] [HailoRT] [info] [queue_elements.cpp:738] [run_in_thread] run_pull of queue element PullQEl_hw_read4yolo26s_cam123_best/nms1 was aborted!
[2026-09-16 21:13:33.331] [94042] [HailoRT] [info] [queue_elements.cpp:68] [operator()] Thread in element PullQEl_hw_read4yolo26s_cam123_best/nms1 is not running anymore, exiting..
[2026-09-16 21:13:33.331] [93958] [HailoRT] [info] [queue_elements.cpp:46] [~BaseQueueElement] Queue element PullQEl_hw_read4yolo26s_cam123_best/nms1 has 0 frames in his Queue on destruction
[2026-09-16 21:13:33.331] [94043] [HailoRT] [info] [queue_elements.cpp:68] [operator()] Thread in element UserBuffQEl4yolo26s_cam123_best/nms1 is not running anymore, exiting..
[2026-09-16 21:13:33.331] [93958] [HailoRT] [info] [queue_elements.cpp:46] [~BaseQueueElement] Queue element UserBuffQEl4yolo26s_cam123_best/nms1 has 0 frames in his Queue on destruction
